line_number,line_text,speaker,norm_speaker,eng_speaker
1,"ὦ κοινὸν αὐτάδελφον Ἰσμήνης κάρα,",Ἀντιγόνη,Αντιγονη,Antigonh
2,ἆρʼ οἶσθʼ ὅ τι Ζεὺς τῶν ἀπʼ Οἰδίπου κακῶν,Ἀντιγόνη,Αντιγονη,Antigonh
3,ὁποῖον οὐχὶ νῷν ἔτι ζώσαιν τελεῖ;,Ἀντιγόνη,Αντιγονη,Antigonh
4,οὐδὲν γὰρ οὔτʼ ἀλγεινὸν οὔτʼ ἄτης ἄτερ,Ἀντιγόνη,Αντιγονη,Antigonh
5,"οὔτʼ αἰσχρὸν οὔτʼ ἄτιμόν ἐσθʼ, ὁποῖον οὐ",Ἀντιγόνη,Αντιγονη,Antigonh
6,τῶν σῶν τε κἀμῶν οὐκ ὄπωπʼ ἐγὼ κακῶν.,Ἀντιγόνη,Αντιγονη,Antigonh
7,καὶ νῦν τί τοῦτʼ αὖ φασι πανδήμῳ πόλει,Ἀντιγόνη,Αντιγονη,Antigonh
8,κήρυγμα θεῖναι τὸν στρατηγὸν ἀρτίως;,Ἀντιγόνη,Αντιγονη,Antigonh
9,ἔχεις τι κεἰσήκουσας; ἤ σε λανθάνει,Ἀντιγόνη,Αντιγονη,Antigonh
10,πρὸς τοὺς φίλους στείχοντα τῶν ἐχθρῶν κακά;,Ἀντιγόνη,Αντιγονη,Antigonh
11,"ἐμοὶ μὲν οὐδεὶς μῦθος, Ἀντιγόνη, φίλων",Ἰσμήνη,Ισμηνη,Ismhnh
12,οὔθʼ ἡδὺς οὔτʼ ἀλγεινὸς ἵκετʼ ἐξ ὅτου,Ἰσμήνη,Ισμηνη,Ismhnh
13,"δυοῖν ἀδελφοῖν ἐστερήθημεν δύο,",Ἰσμήνη,Ισμηνη,Ismhnh
14,μιᾷ θανόντοιν ἡμέρᾳ διπλῇ χερί·,Ἰσμήνη,Ισμηνη,Ismhnh
15,ἐπεὶ δὲ φροῦδός ἐστιν Ἀργείων στρατὸς,Ἰσμήνη,Ισμηνη,Ismhnh
16,"ἐν νυκτὶ τῇ νῦν, οὐδὲν οἶδʼ ὑπέρτερον,",Ἰσμήνη,Ισμηνη,Ismhnh
17,οὔτʼ εὐτυχοῦσα μᾶλλον οὔτʼ ἀτωμένη.,Ἰσμήνη,Ισμηνη,Ismhnh
18,"ᾔδη καλῶς, καί σʼ ἐκτὸς αὐλείων πυλῶν",Ἀντιγόνη,Αντιγονη,Antigonh
19,"τοῦδʼ οὕνεκʼ ἐξέπεμπον, ὡς μόνη κλύοις.",Ἀντιγόνη,Αντιγονη,Antigonh
20,τί δʼ ἔστι; δηλοῖς γάρ τι καλχαίνουσʼ ἔπος.,Ἰσμήνη,Ισμηνη,Ismhnh
21,οὐ γὰρ τάφου νῷν τὼ κασιγνήτω Κρέων,Ἀντιγόνη,Αντιγονη,Antigonh
22,"τὸν μὲν προτίσας, τὸν δʼ ἀτιμάσας ἔχει;",Ἀντιγόνη,Αντιγονη,Antigonh
23,"Ἐτεοκλέα μέν, ὡς λέγουσι, σὺν δίκης",Ἀντιγόνη,Αντιγονη,Antigonh
24,χρήσει δικαίᾳ καὶ νόμου κατὰ χθονὸς,Ἀντιγόνη,Αντιγονη,Antigonh
25,ἔκρυψε τοῖς ἔνερθεν ἔντιμον νεκροῖς·,Ἀντιγόνη,Αντιγονη,Antigonh
26,τὸν δʼ ἀθλίως θανόντα Πολυνείκους νέκυν,Ἀντιγόνη,Αντιγονη,Antigonh
27,ἀστοῖσί φασιν ἐκκεκηρῦχθαι τὸ μὴ,Ἀντιγόνη,Αντιγονη,Antigonh
28,"τάφῳ καλύψαι μηδὲ κωκῦσαί τινα,",Ἀντιγόνη,Αντιγονη,Antigonh
29,"ἐᾶν δʼ ἄκλαυτον, ἄταφον, οἰωνοῖς γλυκὺν",Ἀντιγόνη,Αντιγονη,Antigonh
30,θησαυρὸν εἰσορῶσι πρὸς χάριν βορᾶς.,Ἀντιγόνη,Αντιγονη,Antigonh
31,τοιαῦτά φασι τὸν ἀγαθὸν Κρέοντα σοὶ,Ἀντιγόνη,Αντιγονη,Antigonh
32,"κἀμοί, λέγω γὰρ κἀμέ, κηρύξαντʼ ἔχειν,",Ἀντιγόνη,Αντιγονη,Antigonh
33,καὶ δεῦρο νεῖσθαι ταῦτα τοῖσι μὴ εἰδόσιν,Ἀντιγόνη,Αντιγονη,Antigonh
34,"σαφῆ προκηρύξοντα, καὶ τὸ πρᾶγμʼ ἄγειν",Ἀντιγόνη,Αντιγονη,Antigonh
35,"οὐχ ὡς παρʼ οὐδέν, ἀλλʼ ὃς ἂν τούτων τι δρᾷ,",Ἀντιγόνη,Αντιγονη,Antigonh
36,φόνον προκεῖσθαι δημόλευστον ἐν πόλει.,Ἀντιγόνη,Αντιγονη,Antigonh
37,"οὕτως ἔχει σοι ταῦτα, καὶ δείξεις τάχα",Ἀντιγόνη,Αντιγονη,Antigonh
38,εἴτʼ εὐγενὴς πέφυκας εἴτʼ ἐσθλῶν κακή.,Ἀντιγόνη,Αντιγονη,Antigonh
39,"τί δʼ, ὦ ταλαῖφρον, εἰ τάδʼ ἐν τούτοις, ἐγὼ",Ἰσμήνη,Ισμηνη,Ismhnh
40,λύουσʼ ἂν ἢ ʼφάπτουσα προσθείμην πλέον;,Ἰσμήνη,Ισμηνη,Ismhnh
41,εἰ ξυμπονήσεις καὶ ξυνεργάσει σκόπει.,Ἀντιγόνη,Αντιγονη,Antigonh
42,ποῖόν τι κινδύνευμα; ποῦ γνώμης ποτʼ εἶ;,Ἰσμήνη,Ισμηνη,Ismhnh
43,εἰ τὸν νεκρὸν ξὺν τῇδε κουφιεῖς χερί.,Ἀντιγόνη,Αντιγονη,Antigonh
44,"ἦ γὰρ νοεῖς θάπτειν σφʼ, ἀπόρρητον πόλει;",Ἰσμήνη,Ισμηνη,Ismhnh
45,"τὸν γοῦν ἐμὸν καὶ τὸν σόν, ἢν σὺ μὴ θέλῃς",Ἀντιγόνη,Αντιγονη,Antigonh
46,ἀδελφόν· οὐ γὰρ δὴ προδοῦσʼ ἁλώσομαι.,Ἀντιγόνη,Αντιγονη,Antigonh
47,"ὦ σχετλία, Κρέοντος ἀντειρηκότος;",Ἰσμήνη,Ισμηνη,Ismhnh
48,ἀλλʼ οὐδὲν αὐτῷ τῶν ἐμῶν μʼ εἴργειν μέτα.,Ἀντιγόνη,Αντιγονη,Antigonh
49,"οἴμοι. φρόνησον, ὦ κασιγνήτη, πατὴρ",Ἰσμήνη,Ισμηνη,Ismhnh
50,"ὡς νῷν ἀπεχθὴς δυσκλεής τʼ ἀπώλετο,",Ἰσμήνη,Ισμηνη,Ismhnh
51,πρὸς αὐτοφώρων ἀμπλακημάτων διπλᾶς,Ἰσμήνη,Ισμηνη,Ismhnh
52,ὄψεις ἀράξας αὐτὸς αὐτουργῷ χερί.,Ἰσμήνη,Ισμηνη,Ismhnh
53,"ἔπειτα μήτηρ καὶ γυνή, διπλοῦν ἔπος,",Ἰσμήνη,Ισμηνη,Ismhnh
54,πλεκταῖσιν ἀρτάναισι λωβᾶται βίον·,Ἰσμήνη,Ισμηνη,Ismhnh
55,τρίτον δʼ ἀδελφὼ δύο μίαν καθʼ ἡμέραν,Ἰσμήνη,Ισμηνη,Ismhnh
56,αὐτοκτονοῦντε τὼ ταλαιπώρω μόρον,Ἰσμήνη,Ισμηνη,Ismhnh
57,κοινὸν κατειργάσαντʼ ἐπαλλήλοιν χεροῖν.,Ἰσμήνη,Ισμηνη,Ismhnh
58,νῦν δʼ αὖ μόνα δὴ νὼ λελειμμένα σκόπει,Ἰσμήνη,Ισμηνη,Ismhnh
59,"ὅσῳ κάκιστʼ ὀλούμεθʼ, εἰ νόμου βίᾳ",Ἰσμήνη,Ισμηνη,Ismhnh
60,ψῆφον τυράννων ἢ κράτη παρέξιμεν.,Ἰσμήνη,Ισμηνη,Ismhnh
61,ἀλλʼ ἐννοεῖν χρὴ τοῦτο μὲν γυναῖχʼ ὅτι,Ἰσμήνη,Ισμηνη,Ismhnh
62,"ἔφυμεν, ὡς πρὸς ἄνδρας οὐ μαχουμένα.",Ἰσμήνη,Ισμηνη,Ismhnh
63,"ἔπειτα δʼ οὕνεκʼ ἀρχόμεσθʼ ἐκ κρεισσόνων,",Ἰσμήνη,Ισμηνη,Ismhnh
64,καὶ ταῦτʼ ἀκούειν κἄτι τῶνδʼ ἀλγίονα.,Ἰσμήνη,Ισμηνη,Ismhnh
65,ἐγὼ μὲν οὖν αἰτοῦσα τοὺς ὑπὸ χθονὸς,Ἰσμήνη,Ισμηνη,Ismhnh
66,"ξύγγνοιαν ἴσχειν, ὡς βιάζομαι τάδε,",Ἰσμήνη,Ισμηνη,Ismhnh
67,τοῖς ἐν τέλει βεβῶσι πείσομαι· τὸ γὰρ,Ἰσμήνη,Ισμηνη,Ismhnh
68,περισσὰ πράσσειν οὐκ ἔχει νοῦν οὐδένα.,Ἰσμήνη,Ισμηνη,Ismhnh
69,"οὔτʼ ἂν κελεύσαιμʼ οὔτʼ ἄν, εἰ θέλοις ἔτι",Ἀντιγόνη,Αντιγονη,Antigonh
70,"πράσσειν, ἐμοῦ γʼ ἂν ἡδέως δρῴης μέτα.",Ἀντιγόνη,Αντιγονη,Antigonh
71,"ἀλλʼ ἴσθʼ ὁποῖά σοι δοκεῖ, κεῖνον δʼ ἐγὼ",Ἀντιγόνη,Αντιγονη,Antigonh
72,θάψω· καλόν μοι τοῦτο ποιούσῃ θανεῖν.,Ἀντιγόνη,Αντιγονη,Antigonh
73,"φίλη μετʼ αὐτοῦ κείσομαι, φίλου μέτα,",Ἀντιγόνη,Αντιγονη,Antigonh
74,ὅσια πανουργήσασʼ. ἐπεὶ πλείων χρόνος,Ἀντιγόνη,Αντιγονη,Antigonh
75,ὃν δεῖ μʼ ἀρέσκειν τοῖς κάτω τῶν ἐνθάδε.,Ἀντιγόνη,Αντιγονη,Antigonh
76,"ἐκεῖ γὰρ αἰεὶ κείσομαι· σοὶ δʼ, εἰ δοκεῖ,",Ἀντιγόνη,Αντιγονη,Antigonh
77,τὰ τῶν θεῶν ἔντιμʼ ἀτιμάσασʼ ἔχε.,Ἀντιγόνη,Αντιγονη,Antigonh
78,"ἐγὼ μὲν οὐκ ἄτιμα ποιοῦμαι, τὸ δὲ",Ἰσμήνη,Ισμηνη,Ismhnh
79,βίᾳ πολιτῶν δρᾶν ἔφυν ἀμήχανος.,Ἰσμήνη,Ισμηνη,Ismhnh
80,σὺ μὲν τάδʼ ἂν προὔχοιʼ· ἐγὼ δὲ δὴ τάφον,Ἀντιγόνη,Αντιγονη,Antigonh
81,χώσουσʼ ἀδελφῷ φιλτάτῳ πορεύσομαι.,Ἀντιγόνη,Αντιγονη,Antigonh
82,"οἴμοι ταλαίνης, ὡς ὑπερδέδοικά σου.",Ἰσμήνη,Ισμηνη,Ismhnh
83,μὴ ʼμοῦ προτάρβει· τὸν σὸν ἐξόρθου πότμον.,Ἀντιγόνη,Αντιγονη,Antigonh
84,ἀλλʼ οὖν προμηνύσῃς γε τοῦτο μηδενὶ,Ἰσμήνη,Ισμηνη,Ismhnh
85,"τοὔργον, κρυφῇ δὲ κεῦθε, σὺν δʼ αὔτως ἐγώ.",Ἰσμήνη,Ισμηνη,Ismhnh
86,"οἴμοι, καταύδα· πολλὸν ἐχθίων ἔσει",Ἀντιγόνη,Αντιγονη,Antigonh
87,"σιγῶσʼ, ἐὰν μὴ πᾶσι κηρύξῃς τάδε.",Ἀντιγόνη,Αντιγονη,Antigonh
88,θερμὴν ἐπὶ ψυχροῖσι καρδίαν ἔχεις.,Ἰσμήνη,Ισμηνη,Ismhnh
89,ἀλλʼ οἶδʼ ἀρέσκουσʼ οἷς μάλισθʼ ἁδεῖν με χρή.,Ἀντιγόνη,Αντιγονη,Antigonh
90,εἰ καὶ δυνήσει γʼ· ἀλλʼ ἀμηχάνων ἐρᾷς.,Ἰσμήνη,Ισμηνη,Ismhnh
91,"οὐκοῦν, ὅταν δὴ μὴ σθένω, πεπαύσομαι.",Ἀντιγόνη,Αντιγονη,Antigonh
92,ἀρχὴν δὲ θηρᾶν οὐ πρέπει τἀμήχανα.,Ἰσμήνη,Ισμηνη,Ismhnh
93,"εἰ ταῦτα λέξεις, ἐχθαρεῖ μὲν ἐξ ἐμοῦ,",Ἀντιγόνη,Αντιγονη,Antigonh
94,ἐχθρὰ δὲ τῷ θανόντι προσκείσει δίκῃ.,Ἀντιγόνη,Αντιγονη,Antigonh
95,ἀλλʼ ἔα με καὶ τὴν ἐξ ἐμοῦ δυσβουλίαν,Ἀντιγόνη,Αντιγονη,Antigonh
96,παθεῖν τὸ δεινὸν τοῦτο· πείσομαι γὰρ οὐ,Ἀντιγόνη,Αντιγονη,Antigonh
97,τοσοῦτον οὐδὲν ὥστε μὴ οὐ καλῶς θανεῖν.,Ἀντιγόνη,Αντιγονη,Antigonh
98,"ἀλλʼ εἰ δοκεῖ σοι, στεῖχε· τοῦτο δʼ ἴσθʼ ὅτι",Ἰσμήνη,Ισμηνη,Ismhnh
99,"ἄνους μὲν ἔρχει, τοῖς φίλοις δʼ ὀρθῶς φίλη.",Ἰσμήνη,Ισμηνη,Ismhnh
100,"ἀκτὶς ἀελίου, τὸ κάλλιστον ἑπταπύλῳ φανὲν",Χορός,Χορος,Xoros
101,"Θήβᾳ τῶν προτέρων φάος,",Χορός,Χορος,Xoros
102,"ἐφάνθης ποτʼ, ὦ χρυσέας",Χορός,Χορος,Xoros
103,"ἁμέρας βλέφαρον,",Χορός,Χορος,Xoros
105,"Διρκαίων ὑπὲρ ῥεέθρων μολοῦσα,",Χορός,Χορος,Xoros
106,τὸν λεύκασπιν Ἀργόθεν ἐκβάντα φῶτα πανσαγίᾳ,Χορός,Χορος,Xoros
107,φυγάδα πρόδρομον ὀξυτέρῳ κινήσασα χαλινῷ·,Χορός,Χορος,Xoros
110,ὃς ἐφʼ ἡμετέρᾳ γᾷ Πολυνείκους,Χορός,Χορος,Xoros
111,ἀρθεὶς νεικέων ἐξ ἀμφιλόγων,Χορός,Χορος,Xoros
112,ὀξέα κλάζων,Χορός,Χορος,Xoros
113,"ἀετὸς εἰς γᾶν ὣς ὑπερέπτα,",Χορός,Χορος,Xoros
114,"λευκῆς χιόνος πτέρυγι στεγανός,",Χορός,Χορος,Xoros
115,πολλῶν μεθʼ ὅπλων,Χορός,Χορος,Xoros
116,ξύν θʼ ἱπποκόμοις κορύθεσσιν.,Χορός,Χορος,Xoros
117,στὰς δʼ ὑπὲρ μελάθρων φονώσαισιν ἀμφιχανὼν κύκλῳ,Χορός,Χορος,Xoros
118,λόγχαις ἑπτάπυλον στόμα,Χορός,Χορος,Xoros
119,"ἔβα, πρίν ποθʼ ἁμετέρων",Χορός,Χορος,Xoros
120,αἱμάτων γένυσιν πλησθῆναί τε καὶ στεφάνωμα πύργων,Χορός,Χορος,Xoros
121,πευκάενθʼ Ἥφαιστον ἑλεῖν. τοῖος ἀμφὶ νῶτʼ ἐτάθη,Χορός,Χορος,Xoros
125,"πάταγος Ἄρεος, ἀντιπάλῳ δυσχείρωμα δράκοντος.",Χορός,Χορος,Xoros
127,Ζεὺς γὰρ μεγάλης γλώσσης κόμπους,Χορός,Χορος,Xoros
128,"ὑπερεχθαίρει, καὶ σφας ἐσιδὼν",Χορός,Χορος,Xoros
129,πολλῷ ῥεύματι προσνισσομένους,Χορός,Χορος,Xoros
130,"χρυσοῦ καναχῆς ὑπεροπλίαις,",Χορός,Χορος,Xoros
131,παλτῷ ῥιπτεῖ πυρὶ βαλβίδων,Χορός,Χορος,Xoros
132,ἐπʼ ἄκρων ἤδη,Χορός,Χορος,Xoros
133,νίκην ὁρμῶντʼ ἀλαλάξαι.,Χορός,Χορος,Xoros
134,ἀντιτύπᾳ δʼ ἐπὶ γᾷ πέσε τανταλωθεὶς,Χορός,Χορος,Xoros
135,"πυρφόρος, ὃς τότε μαινομένᾳ ξὺν ὁρμᾷ",Χορός,Χορος,Xoros
136,βακχεύων ἐπέπνει,Χορός,Χορος,Xoros
137,ῥιπαῖς ἐχθίστων ἀνέμων.,Χορός,Χορος,Xoros
138,"εἶχε δʼ ἄλλᾳ τὰ μέν,",Χορός,Χορος,Xoros
139,ἄλλα δʼ ἐπʼ ἄλλοις ἐπενώμα στυφελίζων μέγας Ἄρης,Χορός,Χορος,Xoros
140,δεξιόσειρος.,Χορός,Χορος,Xoros
141,ἑπτὰ λοχαγοὶ γὰρ ἐφʼ ἑπτὰ πύλαις,Χορός,Χορος,Xoros
142,ταχθέντες ἴσοι πρὸς ἴσους ἔλιπον,Χορός,Χορος,Xoros
143,"Ζηνὶ τροπαίῳ πάγχαλκα τέλη,",Χορός,Χορος,Xoros
144,"πλὴν τοῖν στυγεροῖν, ὣ πατρὸς ἑνὸς",Χορός,Χορος,Xoros
145,μητρός τε μιᾶς φύντε καθʼ αὑτοῖν,Χορός,Χορος,Xoros
146,δικρατεῖς λόγχας στήσαντʼ ἔχετον,Χορός,Χορος,Xoros
147,κοινοῦ θανάτου μέρος ἄμφω.,Χορός,Χορος,Xoros
148,ἀλλὰ γὰρ ἁ μεγαλώνυμος ἦλθε Νίκα,Χορός,Χορος,Xoros
149,"τᾷ πολυαρμάτῳ ἀντιχαρεῖσα Θήβᾳ,",Χορός,Χορος,Xoros
150,ἐκ μὲν δὴ πολέμων,Χορός,Χορος,Xoros
151,"τῶν νῦν θέσθαι λησμοσύναν,",Χορός,Χορος,Xoros
152,θεῶν δὲ ναοὺς χοροῖς,Χορός,Χορος,Xoros
153,"παννυχίοις πάντας ἐπέλθωμεν, ὁ Θήβας δʼ ἐλελίχθων",Χορός,Χορος,Xoros
154,Βάκχιος ἄρχοι.,Χορός,Χορος,Xoros
155,"ἀλλʼ ὅδε γὰρ δὴ βασιλεὺς χώρας,",Χορός,Χορος,Xoros
156,Κρέων ὁ Μενοικέως,Χορός,Χορος,Xoros
157,νεαραῖσι θεῶν ἐπὶ συντυχίαις,Χορός,Χορος,Xoros
158,"χωρεῖ, τίνα δὴ μῆτιν ἐρέσσων,",Χορός,Χορος,Xoros
160,ὅτι σύγκλητον τήνδε γερόντων,Χορός,Χορος,Xoros
161,"προὔθετο λέσχην, [ κοινῷ κηρύγματι πέμψας; ]",Χορός,Χορος,Xoros
162,"ἄνδρες, τὰ μὲν δὴ πόλεος ἀσφαλῶς θεοὶ",Κρέων,Κρεων,Krewn
163,πολλῷ σάλῳ σείσαντες ὤρθωσαν πάλιν.,Κρέων,Κρεων,Krewn
164,ὑμᾶς δʼ ἐγὼ πομποῖσιν ἐκ πάντων δίχα,Κρέων,Κρεων,Krewn
165,ἔστειλʼ ἱκέσθαι τοῦτο μὲν τὰ Λαΐου,Κρέων,Κρεων,Krewn
166,"σέβοντας εἰδὼς εὖ θρόνων ἀεὶ κράτη,",Κρέων,Κρεων,Krewn
167,"τοῦτʼ αὖθις, ἡνίκʼ Οἰδίπους ὤρθου πόλιν,",Κρέων,Κρεων,Krewn
168,"κἀπεὶ διώλετʼ, ἀμφὶ τοὺς κείνων ἔτι",Κρέων,Κρεων,Krewn
169,παῖδας μένοντας ἐμπέδοις φρονήμασιν.,Κρέων,Κρεων,Krewn
170,ὅτʼ οὖν ἐκεῖνοι πρὸς διπλῆς μοίρας μίαν,Κρέων,Κρεων,Krewn
171,καθʼ ἡμέραν ὤλοντο παίσαντές τε καὶ,Κρέων,Κρεων,Krewn
172,"πληγέντες αὐτόχειρι σὺν μιάσματι,",Κρέων,Κρεων,Krewn
173,ἐγὼ κράτη δὴ πάντα καὶ θρόνους ἔχω,Κρέων,Κρεων,Krewn
174,γένους κατʼ ἀγχιστεῖα τῶν ὀλωλότων.,Κρέων,Κρεων,Krewn
175,ἀμήχανον δὲ παντὸς ἀνδρὸς ἐκμαθεῖν,Κρέων,Κρεων,Krewn
176,"ψυχήν τε καὶ φρόνημα καὶ γνώμην, πρὶν ἂν",Κρέων,Κρεων,Krewn
177,ἀρχαῖς τε καὶ νόμοισιν ἐντριβὴς φανῇ.,Κρέων,Κρεων,Krewn
178,ἐμοὶ γὰρ ὅστις πᾶσαν εὐθύνων πόλιν,Κρέων,Κρεων,Krewn
179,"μὴ τῶν ἀρίστων ἅπτεται βουλευμάτων,",Κρέων,Κρεων,Krewn
180,"ἀλλʼ ἐκ φόβου του γλῶσσαν ἐγκλῄσας ἔχει,",Κρέων,Κρεων,Krewn
181,κάκιστος εἶναι νῦν τε καὶ πάλαι δοκεῖ·,Κρέων,Κρεων,Krewn
182,καὶ μεῖζον ὅστις ἀντὶ τῆς αὑτοῦ πάτρας,Κρέων,Κρεων,Krewn
183,"φίλον νομίζει, τοῦτον οὐδαμοῦ λέγω.",Κρέων,Κρεων,Krewn
184,"ἐγὼ γάρ, ἴστω Ζεὺς ὁ πάνθʼ ὁρῶν ἀεί,",Κρέων,Κρεων,Krewn
185,οὔτʼ ἂν σιωπήσαιμι τὴν ἄτην ὁρῶν,Κρέων,Κρεων,Krewn
186,"στείχουσαν ἀστοῖς ἀντὶ τῆς σωτηρίας,",Κρέων,Κρεων,Krewn
187,οὔτʼ ἂν φίλον ποτʼ ἄνδρα δυσμενῆ χθονὸς,Κρέων,Κρεων,Krewn
188,"θείμην ἐμαυτῷ, τοῦτο γιγνώσκων ὅτι",Κρέων,Κρεων,Krewn
189,ἥδʼ ἐστὶν ἡ σῴζουσα καὶ ταύτης ἔπι,Κρέων,Κρεων,Krewn
190,πλέοντες ὀρθῆς τοὺς φίλους ποιούμεθα.,Κρέων,Κρεων,Krewn
191,"τοιοῖσδʼ ἐγὼ νόμοισι τήνδʼ αὔξω πόλιν,",Κρέων,Κρεων,Krewn
192,καὶ νῦν ἀδελφὰ τῶνδε κηρύξας ἔχω,Κρέων,Κρεων,Krewn
193,ἀστοῖσι παίδων τῶν ἀπʼ Οἰδίπου πέρι·,Κρέων,Κρεων,Krewn
194,"Ἐτεοκλέα μέν, ὃς πόλεως ὑπερμαχῶν",Κρέων,Κρεων,Krewn
195,"ὄλωλε τῆσδε, πάντʼ ἀριστεύσας δόρει,",Κρέων,Κρεων,Krewn
196,τάφῳ τε κρύψαι καὶ τὰ πάντʼ ἀφαγνίσαι,Κρέων,Κρεων,Krewn
197,ἃ τοῖς ἀρίστοις ἔρχεται κάτω νεκροῖς.,Κρέων,Κρεων,Krewn
198,"τὸν δʼ αὖ ξύναιμον τοῦδε, Πολυνείκη λέγω,",Κρέων,Κρεων,Krewn
199,ὃς γῆν πατρῴαν καὶ θεοὺς τοὺς ἐγγενεῖς,Κρέων,Κρεων,Krewn
200,φυγὰς κατελθὼν ἠθέλησε μὲν πυρὶ,Κρέων,Κρεων,Krewn
201,"πρῆσαι κατʼ ἄκρας, ἠθέλησε δʼ αἵματος",Κρέων,Κρεων,Krewn
202,"κοινοῦ πάσασθαι, τοὺς δὲ δουλώσας ἄγειν,",Κρέων,Κρεων,Krewn
203,τοῦτον πόλει τῇδʼ ἐκκεκήρυκται τάφῳ,Κρέων,Κρεων,Krewn
204,"μήτε κτερίζειν μήτε κωκῦσαί τινα,",Κρέων,Κρεων,Krewn
205,ἐᾶν δʼ ἄθαπτον καὶ πρὸς οἰωνῶν δέμας,Κρέων,Κρεων,Krewn
206,καὶ πρὸς κυνῶν ἐδεστὸν αἰκισθέν τʼ ἰδεῖν.,Κρέων,Κρεων,Krewn
207,"τοιόνδʼ ἐμὸν φρόνημα, κοὔποτʼ ἔκ γʼ ἐμοῦ",Κρέων,Κρεων,Krewn
208,τιμὴν προέξουσʼ οἱ κακοὶ τῶν ἐνδίκων·,Κρέων,Κρεων,Krewn
209,"ἀλλʼ ὅστις εὔνους τῇδε τῇ πόλει, θανὼν",Κρέων,Κρεων,Krewn
210,καὶ ζῶν ὁμοίως ἐξ ἐμοῦ τιμήσεται.,Κρέων,Κρεων,Krewn
211,"σοὶ ταῦτʼ ἀρέσκει, παῖ Μενοικέως Κρέον,",Χορός,Χορος,Xoros
212,τὸν τῇδε δύσνουν κἀς τὸν εὐμενῆ πόλει·,Χορός,Χορος,Xoros
213,νόμῳ δὲ χρῆσθαι παντί που πάρεστί σοι,Χορός,Χορος,Xoros
214,καὶ τῶν θανόντων χὠπόσοι ζῶμεν πέρι.,Χορός,Χορος,Xoros
215,ὡς ἂν σκοποὶ νῦν εἶτε τῶν εἰρημένων.,Κρέων,Κρεων,Krewn
216,νεωτέρῳ τῳ τοῦτο βαστάζειν πρόθες.,Χορός,Χορος,Xoros
217,ἀλλʼ εἴσʼ ἕτοιμοι τοῦ νεκροῦ γʼ ἐπίσκοποι.,Κρέων,Κρεων,Krewn
218,τί δῆτʼ ἂν ἄλλο τοῦτʼ ἐπεντέλλοις ἔτι;,Χορός,Χορος,Xoros
219,τὸ μὴ ʼπιχωρεῖν τοῖς ἀπιστοῦσιν τάδε.,Κρέων,Κρεων,Krewn
220,οὔκ ἔστιν οὕτω μῶρος ὃς θανεῖν ἐρᾷ.,Χορός,Χορος,Xoros
221,"καὶ μὴν ὁ μισθός γʼ, οὗτος· ἀλλʼ ὑπʼ ἐλπίδων",Κρέων,Κρεων,Krewn
222,ἄνδρας τὸ κέρδος πολλάκις διώλεσεν.,Κρέων,Κρεων,Krewn
223,"ἄναξ, ἐρῶ μὲν οὐχ ὅπως τάχους ὕπο",Φύλαξ,Φυλαξ,Fulac
224,δύσπνους ἱκάνω κοῦφον ἐξάρας πόδα.,Φύλαξ,Φυλαξ,Fulac
225,"πολλὰς γὰρ ἔσχον φροντίδων ἐπιστάσεις,",Φύλαξ,Φυλαξ,Fulac
226,ὁδοῖς κυκλῶν ἐμαυτὸν εἰς ἀναστροφήν·,Φύλαξ,Φυλαξ,Fulac
227,ψυχὴ γὰρ ηὔδα πολλά μοι μυθουμένη·,Φύλαξ,Φυλαξ,Fulac
228,"τάλας, τί χωρεῖς οἷ μολὼν δώσεις δίκην;",Φύλαξ,Φυλαξ,Fulac
229,"τλήμων, μενεῖς αὖ; κεἰ τάδʼ εἴσεται Κρέων",Φύλαξ,Φυλαξ,Fulac
230,ἄλλου παρʼ ἀνδρός; πῶς σὺ δῆτʼ οὐκ ἀλγύνει;,Φύλαξ,Φυλαξ,Fulac
231,τοιαῦθʼ ἑλίσσων ἤνυτον σχολῇ βραδύς.,Φύλαξ,Φυλαξ,Fulac
232,χοὔτως ὁδὸς βραχεῖα γίγνεται μακρά.,Φύλαξ,Φυλαξ,Fulac
233,τέλος γε μέντοι δεῦρʼ ἐνίκησεν μολεῖν,Φύλαξ,Φυλαξ,Fulac
234,"σοί. κεἰ τὸ μηδὲν ἐξερῶ, φράσω δʼ ὅμως·",Φύλαξ,Φυλαξ,Fulac
235,"τῆς ἐλπίδος γὰρ ἔρχομαι δεδραγμένος,",Φύλαξ,Φυλαξ,Fulac
236,τὸ μὴ παθεῖν ἂν ἄλλο πλὴν τὸ μόρσιμον.,Φύλαξ,Φυλαξ,Fulac
237,τί δʼ ἐστὶν ἀνθʼ οὗ τήνδʼ ἔχεις ἀθυμίαν;,Κρέων,Κρεων,Krewn
238,φράσαι θέλω σοι πρῶτα τἀμαυτοῦ· τὸ γὰρ,Φύλαξ,Φυλαξ,Fulac
239,"πρᾶγμʼ οὔτʼ ἔδρασʼ οὔτʼ εἶδον ὅστις ἦν ὁ δρῶν,",Φύλαξ,Φυλαξ,Fulac
240,οὐδʼ ἂν δικαίως ἐς κακὸν πέσοιμί τι.,Φύλαξ,Φυλαξ,Fulac
241,εὖ γε στοχάζει κἀποφάργνυσαι κύκλῳ,Κρέων,Κρεων,Krewn
242,τὸ πρᾶγμα· δηλοῖς δʼ ὥς τι σημανῶν νέον.,Κρέων,Κρεων,Krewn
243,τὰ δεινὰ γάρ τοι προστίθησʼ ὄκνον πολύν.,Φύλαξ,Φυλαξ,Fulac
244,"οὔκουν ἐρεῖς ποτʼ, εἶτʼ ἀπαλλαχθεὶς ἄπει;",Κρέων,Κρεων,Krewn
245,καὶ δὴ λέγω σοι. τὸν νεκρόν τις ἀρτίως,Φύλαξ,Φυλαξ,Fulac
246,θάψας βέβηκε κἀπὶ χρωτὶ διψίαν,Φύλαξ,Φυλαξ,Fulac
247,κόνιν παλύνας κἀφαγιστεύσας ἃ χρή·,Φύλαξ,Φυλαξ,Fulac
248,τί φής; τίς ἀνδρῶν ἦν ὁ τολμήσας τάδε;,Κρέων,Κρεων,Krewn
249,οὐκ οἶδʼ· ἐκεῖ γὰρ οὔτε του γενῇδος ἦν,Φύλαξ,Φυλαξ,Fulac
250,"πλῆγμʼ, οὐ δικέλλης ἐκβολή. στύφλος δὲ γῆ",Φύλαξ,Φυλαξ,Fulac
251,"καὶ χέρσος, ἀρρὼξ οὐδʼ ἐπημαξευμένη",Φύλαξ,Φυλαξ,Fulac
252,"τροχοῖσιν, ἀλλʼ ἄσημος οὑργάτης τις ἦν.",Φύλαξ,Φυλαξ,Fulac
253,ὅπως δʼ ὁ πρῶτος ἡμὶν ἡμεροσκόπος,Φύλαξ,Φυλαξ,Fulac
254,"δείκνυσι, πᾶσι θαῦμα δυσχερὲς παρῆν.",Φύλαξ,Φυλαξ,Fulac
255,"ὁ μὲν γὰρ ἠφάνιστο, τυμβήρης μὲν οὔ,",Φύλαξ,Φυλαξ,Fulac
256,"λεπτὴ δʼ, ἄγος φεύγοντος ὥς, ἐπῆν κόνις·",Φύλαξ,Φυλαξ,Fulac
257,σημεῖα δʼ οὔτε θηρὸς οὔτε του κυνῶν,Φύλαξ,Φυλαξ,Fulac
258,"ἐλθόντος, οὐ σπάσαντος ἐξεφαίνετο.",Φύλαξ,Φυλαξ,Fulac
259,"λόγοι δʼ ἐν ἀλλήλοισιν ἐρρόθουν κακοί,",Φύλαξ,Φυλαξ,Fulac
260,"φύλαξ ἐλέγχων φύλακα, κἂν ἐγίγνετο",Φύλαξ,Φυλαξ,Fulac
261,"πληγὴ τελευτῶσʼ, οὐδʼ ὁ κωλύσων παρῆν.",Φύλαξ,Φυλαξ,Fulac
262,"εἷς γάρ τις ἦν ἕκαστος οὑξειργασμένος,",Φύλαξ,Φυλαξ,Fulac
263,"κοὐδεὶς ἐναργής, ἀλλʼ ἔφευγε μὴ εἰδέναι.",Φύλαξ,Φυλαξ,Fulac
264,ἦμεν δʼ ἕτοιμοι καὶ μύδρους αἴρειν χεροῖν,Φύλαξ,Φυλαξ,Fulac
265,"καὶ πῦρ διέρπειν καὶ θεοὺς ὁρκωμοτεῖν,",Φύλαξ,Φυλαξ,Fulac
266,τὸ μήτε δρᾶσαι μήτε τῳ ξυνειδέναι,Φύλαξ,Φυλαξ,Fulac
267,τὸ πρᾶγμα βουλεύσαντι μηδʼ εἰργασμένῳ.,Φύλαξ,Φυλαξ,Fulac
268,"τέλος δʼ ὅτʼ οὐδὲν ἦν ἐρευνῶσιν πλέον,",Φύλαξ,Φυλαξ,Fulac
269,"λέγει τις εἷς, ὃ πάντας ἐς πέδον κάρα",Φύλαξ,Φυλαξ,Fulac
270,νεῦσαι φόβῳ προὔτρεψεν· οὐ γὰρ εἴχομεν,Φύλαξ,Φυλαξ,Fulac
271,οὔτʼ ἀντιφωνεῖν οὔθʼ ὅπως δρῶντες καλῶς,Φύλαξ,Φυλαξ,Fulac
272,πράξαιμεν. ἦν δʼ ὁ μῦθος ὡς ἀνοιστέον,Φύλαξ,Φυλαξ,Fulac
273,σοὶ τοὔργον εἴη τοῦτο κοὐχὶ κρυπτέον.,Φύλαξ,Φυλαξ,Fulac
274,"καὶ ταῦτʼ ἐνίκα, κἀμὲ τὸν δυσδαίμονα",Φύλαξ,Φυλαξ,Fulac
275,πάλος καθαιρεῖ τοῦτο τἀγαθὸν λαβεῖν.,Φύλαξ,Φυλαξ,Fulac
276,"πάρειμι δʼ ἄκων οὐχ ἑκοῦσιν, οἶδʼ ὅτι·",Φύλαξ,Φυλαξ,Fulac
277,στέργει γὰρ οὐδεὶς ἄγγελον κακῶν ἐπῶν.,Φύλαξ,Φυλαξ,Fulac
278,"ἄναξ, ἐμοί τοί, μή τι καὶ θεήλατον",Χορός,Χορος,Xoros
279,"τοὔργον τόδʼ, ἡ ξύννοια βουλεύει πάλαι",Χορός,Χορος,Xoros
280,"παῦσαι, πρὶν ὀργῆς καὶ ʼμὲ μεστῶσαι λέγων,",Κρέων,Κρεων,Krewn
281,μὴ ʼφευρεθῇς ἄνους τε καὶ γέρων ἅμα.,Κρέων,Κρεων,Krewn
282,λέγεις γὰρ οὐκ ἀνεκτὰ δαίμονας λέγων,Κρέων,Κρεων,Krewn
283,πρόνοιαν ἴσχειν τοῦδε τοῦ νεκροῦ πέρι.,Κρέων,Κρεων,Krewn
284,πότερον ὑπερτιμῶντες ὡς εὐεργέτην,Κρέων,Κρεων,Krewn
285,"ἔκρυπτον αὐτόν, ὅστις ἀμφικίονας",Κρέων,Κρεων,Krewn
286,ναοὺς πυρώσων ἦλθε κἀναθήματα,Κρέων,Κρεων,Krewn
287,καὶ γῆν ἐκείνων καὶ νόμους διασκεδῶν;,Κρέων,Κρεων,Krewn
288,ἢ τοὺς κακοὺς τιμῶντας εἰσορᾷς θεούς;,Κρέων,Κρεων,Krewn
289,οὔκ ἔστιν. ἀλλὰ ταῦτα καὶ πάλαι πόλεως,Κρέων,Κρεων,Krewn
290,"ἄνδρες μόλις φέροντες ἐρρόθουν ἐμοί,",Κρέων,Κρεων,Krewn
291,"κρυφῇ κάρα σείοντες, οὐδʼ ὑπὸ ζυγῷ",Κρέων,Κρεων,Krewn
292,"λόφον δικαίως εἶχον, ὡς στέργειν ἐμέ.",Κρέων,Κρεων,Krewn
293,ἐκ τῶνδε τούτους ἐξεπίσταμαι καλῶς,Κρέων,Κρεων,Krewn
294,παρηγμένους μισθοῖσιν εἰργάσθαι τάδε.,Κρέων,Κρεων,Krewn
295,οὐδὲν γὰρ ἀνθρώποισιν οἷον ἄργυρος,Κρέων,Κρεων,Krewn
296,κακὸν νόμισμʼ ἔβλαστε. τοῦτο καὶ πόλεις,Κρέων,Κρεων,Krewn
297,"πορθεῖ, τόδʼ ἄνδρας ἐξανίστησιν δόμων·",Κρέων,Κρεων,Krewn
298,τόδʼ ἐκδιδάσκει καὶ παραλλάσσει φρένας,Κρέων,Κρεων,Krewn
299,χρηστὰς πρὸς αἰσχρὰ πράγμαθʼ ἵστασθαι βροτῶν·,Κρέων,Κρεων,Krewn
300,πανουργίας δʼ ἔδειξεν ἀνθρώποις ἔχειν,Κρέων,Κρεων,Krewn
301,καὶ παντὸς ἔργου δυσσέβειαν εἰδέναι.,Κρέων,Κρεων,Krewn
302,"ὅσοι δὲ μισθαρνοῦντες ἤνυσαν τάδε,",Κρέων,Κρεων,Krewn
303,χρόνῳ ποτʼ ἐξέπραξαν ὡς δοῦναι δίκην.,Κρέων,Κρεων,Krewn
304,"ἀλλʼ εἴπερ ἴσχει Ζεὺς ἔτʼ ἐξ ἐμοῦ σέβας,",Κρέων,Κρεων,Krewn
305,"εὖ τοῦτʼ ἐπίστασʼ, ὅρκιος δέ σοι λέγω·",Κρέων,Κρεων,Krewn
306,εἰ μὴ τὸν αὐτόχειρα τοῦδε τοῦ τάφου,Κρέων,Κρεων,Krewn
307,"εὑρόντες ἐκφανεῖτʼ ἐς ὀφθαλμοὺς ἐμούς,",Κρέων,Κρεων,Krewn
308,"οὐχ ὑμὶν Ἅιδης μοῦνος ἀρκέσει, πρὶν ἂν",Κρέων,Κρεων,Krewn
309,"ζῶντες κρεμαστοὶ τήνδε δηλώσηθʼ ὕβριν,",Κρέων,Κρεων,Krewn
310,ἵνʼ εἰδότες τὸ κέρδος ἔνθεν οἰστέον,Κρέων,Κρεων,Krewn
311,"τὸ λοιπὸν ἁρπάζητε, καὶ μάθηθʼ ὅτι",Κρέων,Κρεων,Krewn
312,οὐκ ἐξ ἅπαντος δεῖ τὸ κερδαίνειν φιλεῖν.,Κρέων,Κρεων,Krewn
313,ἐκ τῶν γὰρ αἰσχρῶν λημμάτων τοὺς πλείονας,Κρέων,Κρεων,Krewn
314,ἀτωμένους ἴδοις ἂν ἢ σεσωσμένους.,Κρέων,Κρεων,Krewn
315,εἰπεῖν τι δώσεις ἢ στραφεὶς οὕτως ἴω;,Φύλαξ,Φυλαξ,Fulac
316,οὐκ οἶσθα καὶ νῦν ὡς ἀνιαρῶς λέγεις;,Κρέων,Κρεων,Krewn
317,ἐν τοῖσιν ὠσὶν ἢ ʼπὶ τῇ ψυχῇ δάκνει;,Φύλαξ,Φυλαξ,Fulac
318,τί δὲ ῥυθμίζεις τὴν ἐμὴν λύπην ὅπου;,Κρέων,Κρεων,Krewn
319,"ὁ δρῶν σʼ ἀνιᾷ τὰς φρένας, τὰ δʼ ὦτʼ ἐγώ.",Φύλαξ,Φυλαξ,Fulac
320,οἴμʼ ὡς λάλημα δῆλον ἐκπεφυκὸς εἶ.,Κρέων,Κρεων,Krewn
321,οὔκουν τό γʼ ἔργον τοῦτο ποιήσας ποτέ.,Φύλαξ,Φυλαξ,Fulac
322,καὶ ταῦτʼ ἐπʼ ἀργύρῳ γε τὴν ψυχὴν προδούς.,Κρέων,Κρεων,Krewn
323,φεῦ·,Φύλαξ,Φυλαξ,Fulac
323a,ἦ δεινὸν ᾧ δοκῇ γε καὶ ψευδῆ δοκεῖν.,Φύλαξ,Φυλαξ,Fulac
324,κόμψευέ νυν τὴν δόξαν· εἰ δὲ ταῦτα μὴ,Κρέων,Κρεων,Krewn
325,"φανεῖτέ μοι τοὺς δρῶντας, ἐξερεῖθʼ ὅτι",Κρέων,Κρεων,Krewn
326,τὰ δειλὰ κέρδη πημονὰς ἐργάζεται.,Κρέων,Κρεων,Krewn
327,ἀλλʼ εὑρεθείη μὲν μάλιστʼ· ἐὰν δέ τοι,Φύλαξ,Φυλαξ,Fulac
328,"ληφθῇ τε καὶ μή, τοῦτο γὰρ τύχη κρινεῖ,",Φύλαξ,Φυλαξ,Fulac
329,οὐκ ἔσθʼ ὅπως ὄψει σὺ δεῦρʼ ἐλθόντα με·,Φύλαξ,Φυλαξ,Fulac
330,καὶ νῦν γὰρ ἐκτὸς ἐλπίδος γνώμης τʼ ἐμῆς,Φύλαξ,Φυλαξ,Fulac
331,σωθεὶς ὀφείλω τοῖς θεοῖς πολλὴν χάριν.,Φύλαξ,Φυλαξ,Fulac
333,πολλὰ τὰ δεινὰ κοὐδὲν ἀνθρώπου δεινότερον πέλει.,Χορός,Χορος,Xoros
334,τοῦτο καὶ πολιοῦ πέραν πόντου χειμερίῳ νότῳ,Χορός,Χορος,Xoros
335,"χωρεῖ, περιβρυχίοισιν",Χορός,Χορος,Xoros
336,περῶν ὑπʼ οἴδμασιν.,Χορός,Χορος,Xoros
337,"θεῶν τε τὰν ὑπερτάταν, Γᾶν",Χορός,Χορος,Xoros
338,"ἄφθιτον, ἀκαμάταν, ἀποτρύεται",Χορός,Χορος,Xoros
339,ἰλλομένων ἀρότρων ἔτος εἰς ἔτος,Χορός,Χορος,Xoros
340,ἱππείῳ γένει πολεύων.,Χορός,Χορος,Xoros
343,κουφονόων τε φῦλον ὀρνίθων ἀμφιβαλὼν ἄγει,Χορός,Χορος,Xoros
345,καὶ θηρῶν ἀγρίων ἔθνη πόντου τʼ εἰναλίαν φύσιν,Χορός,Χορος,Xoros
346,"σπείραισι δικτυοκλώστοις,",Χορός,Χορος,Xoros
347,περιφραδὴς ἀνήρ·,Χορός,Χορος,Xoros
348,κρατεῖ δὲ μηχαναῖς ἀγραύλου,Χορός,Χορος,Xoros
350,"θηρὸς ὀρεσσιβάτα, λασιαύχενά θʼ",Χορός,Χορος,Xoros
351,ἵππον ὀχμάζεται ἀμφὶ λόφον ζυγῶν,Χορός,Χορος,Xoros
352,οὔρειόν τʼ ἀκμῆτα ταῦρον.,Χορός,Χορος,Xoros
355,καὶ φθέγμα καὶ ἀνεμόεν φρόνημα καὶ ἀστυνόμους,Χορός,Χορος,Xoros
356,ὀργὰς ἐδιδάξατο καὶ δυσαύλων,Χορός,Χορος,Xoros
357,πάγων ὑπαίθρεια καὶ δύσομβρα φεύγειν βέλη,Χορός,Χορος,Xoros
358,παντοπόρος· ἄπορος ἐπʼ οὐδὲν ἔρχεται,Χορός,Χορος,Xoros
360,τὸ μέλλον· Ἅιδα μόνον φεῦξιν οὐκ ἐπάξεται·,Χορός,Χορος,Xoros
361,νόσων δʼ ἀμηχάνων φυγὰς ξυμπέφρασται.,Χορός,Χορος,Xoros
365,σοφόν τι τὸ μηχανόεν τέχνας ὑπὲρ ἐλπίδʼ ἔχων,Χορός,Χορος,Xoros
366,"τοτὲ μὲν κακόν, ἄλλοτʼ ἐπʼ ἐσθλὸν ἕρπει,",Χορός,Χορος,Xoros
367,"νόμους γεραίρων χθονὸς θεῶν τʼ ἔνορκον δίκαν,",Χορός,Χορος,Xoros
370,ὑψίπολις· ἄπολις ὅτῳ τὸ μὴ καλὸν,Χορός,Χορος,Xoros
371,ξύνεστι τόλμας χάριν. μήτʼ ἐμοὶ παρέστιος,Χορός,Χορος,Xoros
375,γένοιτο μήτʼ ἴσον φρονῶν ὃς τάδʼ ἔρδει.,Χορός,Χορος,Xoros
376,ἐς δαιμόνιον τέρας ἀμφινοῶ,Χορός,Χορος,Xoros
377,τόδε· πῶς εἰδὼς ἀντιλογήσω,Χορός,Χορος,Xoros
378,τήνδʼ οὐκ εἶναι παῖδʼ Ἀντιγόνην.,Χορός,Χορος,Xoros
379,ὦ δύστηνος,Χορός,Χορος,Xoros
380,"καὶ δυστήνου πατρὸς Οἰδιπόδα,",Χορός,Χορος,Xoros
381,τί ποτʼ; οὐ δή που σέ γʼ ἀπιστοῦσαν,Χορός,Χορος,Xoros
382,τοῖς βασιλείοισιν ἄγουσι νόμοις,Χορός,Χορος,Xoros
383,καὶ ἐν ἀφροσύνῃ καθελόντες;,Χορός,Χορος,Xoros
384,ἥδʼ ἔστʼ ἐκείνη τοὔργον ἡ ʼξειργασμένη·,Φύλαξ,Φυλαξ,Fulac
385,τήνδʼ εἵλομεν θάπτουσαν. ἀλλὰ ποῦ Κρέων;,Φύλαξ,Φυλαξ,Fulac
386,ὅδʼ ἐκ δόμων ἄψορρος εἰς δέον περᾷ.,Χορός,Χορος,Xoros
387,τί δʼ ἔστι; ποίᾳ ξύμμετρος προὔβην τύχῃ;,Κρέων,Κρεων,Krewn
388,"ἄναξ, βροτοῖσιν οὐδέν ἔστʼ ἀπώμοτον.",Φύλαξ,Φυλαξ,Fulac
389,ψεύδει γὰρ ἡ ʼπίνοια τὴν γνώμην· ἐπεὶ,Φύλαξ,Φυλαξ,Fulac
390,σχολῇ ποθʼ ἥξειν δεῦρʼ ἂν ἐξηύχουν ἐγὼ,Φύλαξ,Φυλαξ,Fulac
391,ταῖς σαῖς ἀπειλαῖς αἷς ἐχειμάσθην τότε,Φύλαξ,Φυλαξ,Fulac
392,ἀλλʼ ἡ γὰρ ἐκτὸς καὶ παρʼ ἐλπίδας χαρὰ,Φύλαξ,Φυλαξ,Fulac
393,"ἔοικεν ἄλλῃ μῆκος οὐδὲν ἡδονῇ,",Φύλαξ,Φυλαξ,Fulac
394,"ἥκω, διʼ ὅρκων καίπερ ὢν ἀπώμοτος,",Φύλαξ,Φυλαξ,Fulac
395,"κόρην ἄγων τήνδʼ, ἣ καθῃρέθη τάφον",Φύλαξ,Φυλαξ,Fulac
396,"κοσμοῦσα. κλῆρος ἐνθάδʼ οὐκ ἐπάλλετο,",Φύλαξ,Φυλαξ,Fulac
397,"ἀλλʼ ἔστʼ ἐμὸν θοὔρμαιον, οὐκ ἄλλου, τόδε.",Φύλαξ,Φυλαξ,Fulac
398,"καὶ νῦν, ἄναξ, τήνδʼ αὐτός, ὡς θέλεις, λαβὼν",Φύλαξ,Φυλαξ,Fulac
399,καὶ κρῖνε κἀξέλεγχʼ· ἐγὼ δʼ ἐλεύθερος,Φύλαξ,Φυλαξ,Fulac
400,δίκαιός εἰμι τῶνδʼ ἀπηλλάχθαι κακῶν.,Φύλαξ,Φυλαξ,Fulac
401,ἄγεις δὲ τήνδε τῷ τρόπῳ πόθεν λαβών;,Κρέων,Κρεων,Krewn
402,αὕτη τὸν ἄνδρʼ ἔθαπτε· πάντʼ ἐπίστασαι.,Φύλαξ,Φυλαξ,Fulac
403,ἦ καὶ ξυνίης καὶ λέγεις ὀρθῶς ἃ φῄς;,Κρέων,Κρεων,Krewn
404,ταύτην γʼ ἰδὼν θάπτουσαν ὃν σὺ τὸν νεκρὸν,Φύλαξ,Φυλαξ,Fulac
405,ἀπεῖπας. ἆρʼ ἔνδηλα καὶ σαφῆ λέγω;,Φύλαξ,Φυλαξ,Fulac
406,καὶ πῶς ὁρᾶται κἀπίληπτος ᾑρέθη;,Κρέων,Κρεων,Krewn
407,"τοιοῦτον ἦν τὸ πρᾶγμʼ. ὅπως γὰρ ἥκομεν,",Φύλαξ,Φυλαξ,Fulac
408,"πρὸς σοῦ τὰ δείνʼ ἐκεῖνʼ ἐπηπειλημένοι,",Φύλαξ,Φυλαξ,Fulac
409,"πᾶσαν κόνιν σήραντες, ἣ κατεῖχε τὸν",Φύλαξ,Φυλαξ,Fulac
410,"νέκυν, μυδῶν τε σῶμα γυμνώσαντες εὖ,",Φύλαξ,Φυλαξ,Fulac
411,"καθήμεθʼ ἄκρων ἐκ πάγων ὑπήνεμοι,",Φύλαξ,Φυλαξ,Fulac
412,"ὀσμὴν ἀπʼ αὐτοῦ μὴ βάλοι πεφευγότες,",Φύλαξ,Φυλαξ,Fulac
413,ἐγερτὶ κινῶν ἄνδρʼ ἀνὴρ ἐπιρρόθοις,Φύλαξ,Φυλαξ,Fulac
414,"κακοῖσιν, εἴ τις τοῦδʼ ἀκηδήσοι πόνου.",Φύλαξ,Φυλαξ,Fulac
415,"χρόνον τάδʼ ἦν τοσοῦτον, ἔστʼ ἐν αἰθέρι",Φύλαξ,Φυλαξ,Fulac
416,μέσῳ κατέστη λαμπρὸς ἡλίου κύκλος,Φύλαξ,Φυλαξ,Fulac
417,καὶ καῦμʼ ἔθαλπε· καὶ τότʼ ἐξαίφνης χθονὸς,Φύλαξ,Φυλαξ,Fulac
418,"τυφὼς ἀείρας σκηπτόν οὐράνιον ἄχος,",Φύλαξ,Φυλαξ,Fulac
419,"πίμπλησι πεδίον, πᾶσαν αἰκίζων φόβην",Φύλαξ,Φυλαξ,Fulac
420,"ὕλης πεδιάδος, ἐν δʼ ἐμεστώθη μέγας",Φύλαξ,Φυλαξ,Fulac
421,αἰθήρ· μύσαντες δʼ εἴχομεν θείαν νόσον.,Φύλαξ,Φυλαξ,Fulac
422,"καὶ τοῦδʼ ἀπαλλαγέντος ἐν χρόνῳ μακρῷ,",Φύλαξ,Φυλαξ,Fulac
423,"ἡ παῖς ὁρᾶται, κἀνακωκύει πικρᾶς",Φύλαξ,Φυλαξ,Fulac
424,"ὄρνιθος ὀξὺν φθόγγον, ὡς ὅταν κενῆς",Φύλαξ,Φυλαξ,Fulac
425,εὐνῆς νεοσσῶν ὀρφανὸν βλέψῃ λέχος.,Φύλαξ,Φυλαξ,Fulac
426,"οὕτω δὲ χαὔτη, ψιλὸν ὡς ὁρᾷ νέκυν,",Φύλαξ,Φυλαξ,Fulac
427,"γόοισιν ἐξῴμωξεν, ἐκ δʼ ἀρὰς κακὰς",Φύλαξ,Φυλαξ,Fulac
428,ἠρᾶτο τοῖσι τοὔργον ἐξειργασμένοις.,Φύλαξ,Φυλαξ,Fulac
429,"καὶ χερσὶν εὐθὺς διψίαν φέρει κόνιν,",Φύλαξ,Φυλαξ,Fulac
430,ἔκ τʼ εὐκροτήτου χαλκέας ἄρδην πρόχου,Φύλαξ,Φυλαξ,Fulac
431,χοαῖσι τρισπόνδοισι τὸν νέκυν στέφει.,Φύλαξ,Φυλαξ,Fulac
432,"χἠμεῖς ἰδόντες ἱέμεσθα, σὺν δέ νιν",Φύλαξ,Φυλαξ,Fulac
433,"θηρώμεθʼ εὐθὺς οὐδὲν ἐκπεπληγμένην,",Φύλαξ,Φυλαξ,Fulac
434,καὶ τάς τε πρόσθεν τάς τε νῦν ἠλέγχομεν,Φύλαξ,Φυλαξ,Fulac
435,"πράξεις· ἄπαρνος δʼ οὐδενὸς καθίστατο,",Φύλαξ,Φυλαξ,Fulac
436,ἅμʼ ἡδέως ἔμοιγε κἀλγεινῶς ἅμα.,Φύλαξ,Φυλαξ,Fulac
437,τὸ μὲν γὰρ αὐτὸν ἐκ κακῶν πεφευγέναι,Φύλαξ,Φυλαξ,Fulac
438,"ἥδιστον, ἐς κακὸν δὲ τοὺς φίλους ἄγειν",Φύλαξ,Φυλαξ,Fulac
439,ἀλγεινόν· ἀλλὰ πάντα ταῦθʼ ἥσσω λαβεῖν,Φύλαξ,Φυλαξ,Fulac
440,ἐμοὶ πέφυκε τῆς ἐμῆς σωτηρίας.,Φύλαξ,Φυλαξ,Fulac
441,"σὲ δή, σὲ τὴν νεύουσαν εἰς πέδον κάρα,",Κρέων,Κρεων,Krewn
442,φὴς ἢ καταρνεῖ μὴ δεδρακέναι τάδε;,Κρέων,Κρεων,Krewn
443,καὶ φημὶ δρᾶσαι κοὐκ ἀπαρνοῦμαι τὸ μή.,Ἀντιγόνη,Αντιγονη,Antigonh
444,σὺ μὲν κομίζοις ἂν σεαυτὸν ᾖ θέλεις,Κρέων,Κρεων,Krewn
445,ἔξω βαρείας αἰτίας ἐλεύθερον·,Κρέων,Κρεων,Krewn
446,"σὺ δʼ εἰπέ μοι μὴ μῆκος, ἀλλὰ συντόμως,",Κρέων,Κρεων,Krewn
447,ᾔδησθα κηρυχθέντα μὴ πράσσειν τάδε;,Κρέων,Κρεων,Krewn
448,ᾔδη· τί δʼ οὐκ ἔμελλον; ἐμφανῆ γὰρ ἦν.,Ἀντιγόνη,Αντιγονη,Antigonh
449,καὶ δῆτʼ ἐτόλμας τούσδʼ ὑπερβαίνειν νόμους;,Κρέων,Κρεων,Krewn
450,"οὐ γάρ τί μοι Ζεὺς ἦν ὁ κηρύξας τάδε,",Ἀντιγόνη,Αντιγονη,Antigonh
451,οὐδʼ ἡ ξύνοικος τῶν κάτω θεῶν Δίκη,Ἀντιγόνη,Αντιγονη,Antigonh
452,τοιούσδʼ ἐν ἀνθρώποισιν ὥρισεν νόμους.,Ἀντιγόνη,Αντιγονη,Antigonh
453,οὐδὲ σθένειν τοσοῦτον ᾠόμην τὰ σὰ,Ἀντιγόνη,Αντιγονη,Antigonh
454,"κηρύγμαθʼ, ὥστʼ ἄγραπτα κἀσφαλῆ θεῶν",Ἀντιγόνη,Αντιγονη,Antigonh
455,νόμιμα δύνασθαι θνητὸν ὄνθʼ ὑπερδραμεῖν.,Ἀντιγόνη,Αντιγονη,Antigonh
456,"οὐ γάρ τι νῦν γε κἀχθές, ἀλλʼ ἀεί ποτε",Ἀντιγόνη,Αντιγονη,Antigonh
457,"ζῇ ταῦτα, κοὐδεὶς οἶδεν ἐξ ὅτου ʼφάνη.",Ἀντιγόνη,Αντιγονη,Antigonh
458,"τούτων ἐγὼ οὐκ ἔμελλον, ἀνδρὸς οὐδενὸς",Ἀντιγόνη,Αντιγονη,Antigonh
459,"φρόνημα δείσασʼ, ἐν θεοῖσι τὴν δίκην",Ἀντιγόνη,Αντιγονη,Antigonh
460,"δώσειν· θανουμένη γὰρ ἐξῄδη, τί δʼ οὔ;",Ἀντιγόνη,Αντιγονη,Antigonh
461,κεἰ μὴ σὺ προὐκήρυξας. εἰ δὲ τοῦ χρόνου,Ἀντιγόνη,Αντιγονη,Antigonh
462,"πρόσθεν θανοῦμαι, κέρδος αὔτʼ ἐγὼ λέγω.",Ἀντιγόνη,Αντιγονη,Antigonh
463,ὅστις γὰρ ἐν πολλοῖσιν ὡς ἐγὼ κακοῖς,Ἀντιγόνη,Αντιγονη,Antigonh
464,"ζῇ, πῶς ὅδʼ οὐχὶ κατθανὼν κέρδος φέρει;",Ἀντιγόνη,Αντιγονη,Antigonh
465,οὕτως ἔμοιγε τοῦδε τοῦ μόρου τυχεῖν,Ἀντιγόνη,Αντιγονη,Antigonh
466,"παρʼ οὐδὲν ἄλγος· ἀλλʼ ἄν, εἰ τὸν ἐξ ἐμῆς",Ἀντιγόνη,Αντιγονη,Antigonh
467,"μητρὸς θανόντʼ ἄθαπτον ἠνσχόμην νέκυν,",Ἀντιγόνη,Αντιγονη,Antigonh
468,κείνοις ἂν ἤλγουν· τοῖσδε δʼ οὐκ ἀλγύνομαι.,Ἀντιγόνη,Αντιγονη,Antigonh
469,"σοὶ δʼ εἰ δοκῶ νῦν μῶρα δρῶσα τυγχάνειν,",Ἀντιγόνη,Αντιγονη,Antigonh
470,σχεδόν τι μώρῳ μωρίαν ὀφλισκάνω.,Ἀντιγόνη,Αντιγονη,Antigonh
471,δηλοῖ τὸ γέννημʼ ὠμὸν ἐξ ὠμοῦ πατρὸς,Χορός,Χορος,Xoros
472,τῆς παιδός. εἴκειν δʼ οὐκ ἐπίσταται κακοῖς.,Χορός,Χορος,Xoros
473,ἀλλʼ ἴσθι τοι τὰ σκλήρʼ ἄγαν φρονήματα,Κρέων,Κρεων,Krewn
474,"πίπτειν μάλιστα, καὶ τὸν ἐγκρατέστατον",Κρέων,Κρεων,Krewn
475,σίδηρον ὀπτὸν ἐκ πυρὸς περισκελῆ,Κρέων,Κρεων,Krewn
476,θραυσθέντα καὶ ῥαγέντα πλεῖστʼ ἂν εἰσίδοις·,Κρέων,Κρεων,Krewn
477,σμικρῷ χαλινῷ δʼ οἶδα τοὺς θυμουμένους,Κρέων,Κρεων,Krewn
478,ἵππους καταρτυθέντας· οὐ γὰρ ἐκπέλει,Κρέων,Κρεων,Krewn
479,φρονεῖν μέγʼ ὅστις δοῦλός ἐστι τῶν πέλας.,Κρέων,Κρεων,Krewn
480,"αὕτη δʼ ὑβρίζειν μὲν τότʼ ἐξηπίστατο,",Κρέων,Κρεων,Krewn
481,νόμους ὑπερβαίνουσα τοὺς προκειμένους·,Κρέων,Κρεων,Krewn
482,"ὕβρις δʼ, ἐπεὶ δέδρακεν, ἥδε δευτέρα,",Κρέων,Κρεων,Krewn
483,τούτοις ἐπαυχεῖν καὶ δεδρακυῖαν γελᾶν.,Κρέων,Κρεων,Krewn
484,"ἦ νῦν ἐγὼ μὲν οὐκ ἀνήρ, αὕτη δʼ ἀνήρ,",Κρέων,Κρεων,Krewn
485,εἰ ταῦτʼ ἀνατὶ τῇδε κείσεται κράτη.,Κρέων,Κρεων,Krewn
486,ἀλλʼ εἴτʼ ἀδελφῆς εἴθʼ ὁμαιμονεστέρα,Κρέων,Κρεων,Krewn
487,"τοῦ παντὸς ἡμῖν Ζηνὸς ἑρκείου κυρεῖ,",Κρέων,Κρεων,Krewn
488,αὐτή τε χἠ ξύναιμος οὐκ ἀλύξετον,Κρέων,Κρεων,Krewn
489,μόρου κακίστου· καὶ γὰρ οὖν κείνην ἴσον,Κρέων,Κρεων,Krewn
490,ἐπαιτιῶμαι τοῦδε βουλεῦσαι τάφου.,Κρέων,Κρεων,Krewn
491,καί νιν καλεῖτʼ· ἔσω γὰρ εἶδον ἀρτίως,Κρέων,Κρεων,Krewn
492,λυσσῶσαν αὐτὴν οὐδʼ ἐπήβολον φρενῶν.,Κρέων,Κρεων,Krewn
493,"φιλεῖ δʼ ὁ θυμὸς πρόσθεν, ᾑρῆσθαι κλοπεὺς",Κρέων,Κρεων,Krewn
494,τῶν μηδὲν ὀρθῶς ἐν σκότῳ τεχνωμένων·,Κρέων,Κρεων,Krewn
495,μισῶ γε μέντοι χὤταν ἐν κακοῖσί τις,Κρέων,Κρεων,Krewn
496,ἁλοὺς ἔπειτα τοῦτο καλλύνειν θέλῃ.,Κρέων,Κρεων,Krewn
497,θέλεις τι μεῖζον ἢ κατακτεῖναί μʼ ἑλών;,Ἀντιγόνη,Αντιγονη,Antigonh
498,ἐγὼ μὲν οὐδέν· τοῦτʼ ἔχων ἅπαντʼ ἔχω.,Κρέων,Κρεων,Krewn
499,τί δῆτα μέλλεις; ὡς ἐμοὶ τῶν σῶν λόγων,Ἀντιγόνη,Αντιγονη,Antigonh
500,ἀρεστὸν οὐδὲν μηδʼ ἀρεσθείη ποτέ·,Ἀντιγόνη,Αντιγονη,Antigonh
501,οὕτω δὲ καὶ σοὶ τἄμʼ ἀφανδάνοντʼ ἔφυ.,Ἀντιγόνη,Αντιγονη,Antigonh
502,καίτοι πόθεν κλέος γʼ ἂν εὐκλεέστερον,Ἀντιγόνη,Αντιγονη,Antigonh
503,κατέσχον ἢ τὸν αὐτάδελφον ἐν τάφῳ,Ἀντιγόνη,Αντιγονη,Antigonh
504,τιθεῖσα; τούτοις τοῦτο πᾶσιν ἁνδάνειν,Ἀντιγόνη,Αντιγονη,Antigonh
505,"λέγοιτʼ ἄν, εἰ μὴ γλῶσσαν ἐγκλῄοι φόβος.",Ἀντιγόνη,Αντιγονη,Antigonh
506,ἀλλʼ ἡ τυραννὶς πολλά τʼ ἄλλʼ εὐδαιμονεῖ,Ἀντιγόνη,Αντιγονη,Antigonh
507,κἄξεστιν αὐτῇ δρᾶν λέγειν θʼ ἃ βούλεται.,Ἀντιγόνη,Αντιγονη,Antigonh
508,σὺ τοῦτο μούνη τῶνδε Καδμείων ὁρᾷς.,Κρέων,Κρεων,Krewn
509,"ὁρῶσι χοὖτοι, σοὶ δʼ ὑπίλλουσιν στόμα.",Ἀντιγόνη,Αντιγονη,Antigonh
510,"σὺ δʼ οὐκ ἐπαιδεῖ, τῶνδε χωρὶς εἰ φρονεῖς;",Κρέων,Κρεων,Krewn
511,οὐδὲν γὰρ αἰσχρὸν τοὺς ὁμοσπλάγχνους σέβειν.,Ἀντιγόνη,Αντιγονη,Antigonh
512,οὔκουν ὅμαιμος χὠ καταντίον θανών;,Κρέων,Κρεων,Krewn
513,ὅμαιμος ἐκ μιᾶς τε καὶ ταὐτοῦ πατρός.,Ἀντιγόνη,Αντιγονη,Antigonh
514,πῶς δῆτʼ ἐκείνῳ δυσσεβῆ τιμᾷς χάριν;,Κρέων,Κρεων,Krewn
515,οὐ μαρτυρήσει ταῦθʼ ὁ κατθανὼν νέκυς.,Ἀντιγόνη,Αντιγονη,Antigonh
516,εἴ τοί σφε τιμᾷς ἐξ ἴσου τῷ δυσσεβεῖ.,Κρέων,Κρεων,Krewn
517,"οὐ γάρ τι δοῦλος, ἀλλʼ ἀδελφὸς ὤλετο.",Ἀντιγόνη,Αντιγονη,Antigonh
518,πορθῶν δὲ τήνδε γῆν· ὁ δʼ ἀντιστὰς ὕπερ.,Κρέων,Κρεων,Krewn
519,ὁμῶς ὅ γʼ Ἅιδης τοὺς νόμους τούτους ποθεῖ.,Ἀντιγόνη,Αντιγονη,Antigonh
520,ἀλλʼ οὐχ ὁ χρηστὸς τῷ κακῷ λαχεῖν ἴσος.,Κρέων,Κρεων,Krewn
521,τίς οἶδεν εἰ κάτωθεν εὐαγῆ τάδε;,Ἀντιγόνη,Αντιγονη,Antigonh
522,"οὔτοι ποθʼ οὑχθρός, οὐδʼ ὅταν θάνῃ, φίλος.",Κρέων,Κρεων,Krewn
523,"οὔτοι συνέχθειν, ἀλλὰ συμφιλεῖν ἔφυν.",Ἀντιγόνη,Αντιγονη,Antigonh
524,"κάτω νυν ἐλθοῦσʼ, εἰ φιλητέον, φίλει",Κρέων,Κρεων,Krewn
525,κείνους· ἐμοῦ δὲ ζῶντος οὐκ ἄρξει γυνή.,Κρέων,Κρεων,Krewn
526,"καὶ μὴν πρὸ πυλῶν ἥδʼ Ἰσμήνη,",Χορός,Χορος,Xoros
527,φιλάδελφα κάτω δάκρυʼ εἰβομένη·,Χορός,Χορος,Xoros
528,νεφέλη δʼ ὀφρύων ὕπερ αἱματόεν,Χορός,Χορος,Xoros
529,"ῥέθος αἰσχύνει,",Χορός,Χορος,Xoros
530,τέγγουσʼ εὐῶπα παρειάν.,Χορός,Χορος,Xoros
531,"σὺ δʼ, ἣ κατʼ οἴκους ὡς ἔχιδνʼ ὑφειμένη",Κρέων,Κρεων,Krewn
532,"λήθουσά μʼ ἐξέπινες, οὐδʼ ἐμάνθανον",Κρέων,Κρεων,Krewn
533,"τρέφων δύʼ ἄτα κἀπαναστάσεις θρόνων,",Κρέων,Κρεων,Krewn
534,"φέρʼ, εἰπὲ δή μοι, καὶ σὺ τοῦδε τοῦ τάφου",Κρέων,Κρεων,Krewn
535,"φήσεις μετασχεῖν, ἢ ʼξομεῖ τὸ μὴ εἰδέναι;",Κρέων,Κρεων,Krewn
536,"δέδρακα τοὔργον, εἴπερ ἥδʼ ὁμορροθεῖ",Ἰσμήνη,Ισμηνη,Ismhnh
537,καὶ ξυμμετίσχω καὶ φέρω τῆς αἰτίας.,Ἰσμήνη,Ισμηνη,Ismhnh
538,"ἀλλʼ οὐκ ἐάσει τοῦτό γʼ ἡ δίκη σʼ, ἐπεὶ",Ἀντιγόνη,Αντιγονη,Antigonh
539,οὔτʼ ἠθέλησας οὔτʼ ἐγὼ ʼκοινωσάμην.,Ἀντιγόνη,Αντιγονη,Antigonh
540,ἀλλʼ ἐν κακοῖς τοῖς σοῖσιν οὐκ αἰσχύνομαι,Ἰσμήνη,Ισμηνη,Ismhnh
541,ξύμπλουν ἐμαυτὴν τοῦ πάθους ποιουμένη.,Ἰσμήνη,Ισμηνη,Ismhnh
542,"ὧν τοὔργον, Ἅιδης χοἰ κάτω ξυνίστορες·",Ἀντιγόνη,Αντιγονη,Antigonh
543,λόγοις δʼ ἐγὼ φιλοῦσαν οὐ στέργω φίλην.,Ἀντιγόνη,Αντιγονη,Antigonh
544,"μήτοι, κασιγνήτη, μʼ ἀτιμάσῃς τὸ μὴ οὐ",Ἰσμήνη,Ισμηνη,Ismhnh
545,θανεῖν τε σὺν σοὶ τὸν θανόντα θʼ ἁγνίσαι.,Ἰσμήνη,Ισμηνη,Ismhnh
546,μή μοι θάνῃς σὺ κοινὰ μηδʼ ἃ μὴ ʼθιγες,Ἀντιγόνη,Αντιγονη,Antigonh
547,ποιοῦ σεαυτῆς. ἀρκέσω θνῄσκουσʼ ἐγώ.,Ἀντιγόνη,Αντιγονη,Antigonh
548,καὶ τίς βίος μοι σοῦ λελειμμένῃ φίλος;,Ἰσμήνη,Ισμηνη,Ismhnh
549,Κρέοντʼ ἐρώτα· τοῦδε γὰρ σὺ κηδεμών.,Ἀντιγόνη,Αντιγονη,Antigonh
550,"τί ταῦτʼ ἀνιᾷς μʼ, οὐδὲν ὠφελουμένη;",Ἰσμήνη,Ισμηνη,Ismhnh
551,ἀλγοῦσα μὲν δῆτʼ εἰ γελῶ γʼ ἐν σοὶ γελῶ.,Ἀντιγόνη,Αντιγονη,Antigonh
552,τί δῆτʼ ἂν ἀλλὰ νῦν σʼ ἔτʼ ὠφελοῖμʼ ἐγώ;,Ἰσμήνη,Ισμηνη,Ismhnh
553,σῶσον σεαυτήν· οὐ φθονῶ σʼ ὑπεκφυγεῖν.,Ἀντιγόνη,Αντιγονη,Antigonh
554,"οἴμοι τάλαινα, κἀμπλάκω τοῦ σοῦ μόρου;",Ἰσμήνη,Ισμηνη,Ismhnh
555,"σὺ μὲν γὰρ εἵλου ζῆν, ἐγὼ δὲ κατθανεῖν.",Ἀντιγόνη,Αντιγονη,Antigonh
556,ἀλλʼ οὐκ ἐπʼ ἀρρήτοις γε τοῖς ἐμοῖς λόγοις.,Ἰσμήνη,Ισμηνη,Ismhnh
557,"καλῶς σὺ μὲν τοῖς, τοῖς δʼ ἐγὼ ʼδόκουν φρονεῖν.",Ἀντιγόνη,Αντιγονη,Antigonh
558,καὶ μὴν ἴση νῷν ἐστιν ἡ ʼξαμαρτία.,Ἰσμήνη,Ισμηνη,Ismhnh
559,"θάρσει· σὺ μὲν ζῇς, ἡ δʼ ἐμὴ ψυχὴ πάλαι",Ἀντιγόνη,Αντιγονη,Antigonh
560,"τέθνηκεν, ὥστε τοῖς θανοῦσιν ὠφελεῖν.",Ἀντιγόνη,Αντιγονη,Antigonh
561,τὼ παῖδε φημὶ τώδε τὴν μὲν ἀρτίως,Κρέων,Κρεων,Krewn
562,"ἄνουν πεφάνθαι, τὴν δʼ ἀφʼ οὗ τὰ πρῶτʼ ἔφυ.",Κρέων,Κρεων,Krewn
563,"οὐ γάρ ποτʼ, ὦναξ, οὐδʼ ὃς ἂν βλάστῃ μένει",Ἰσμήνη,Ισμηνη,Ismhnh
564,"νοῦς τοῖς κακῶς πράσσουσιν, ἀλλʼ ἐξίσταται.",Ἰσμήνη,Ισμηνη,Ismhnh
565,"σοὶ γοῦν, ὅθʼ εἵλου σὺν κακοῖς πράσσειν κακά.",Κρέων,Κρεων,Krewn
566,τί γὰρ μόνῃ μοι τῆσδʼ ἄτερ βιώσιμον;,Ἰσμήνη,Ισμηνη,Ismhnh
567,ἀλλʼ ἥδε μέντοι μὴ λέγʼ· οὐ γὰρ ἔστʼ ἔτι.,Κρέων,Κρεων,Krewn
568,ἀλλὰ κτενεῖς νυμφεῖα τοῦ σαυτοῦ τέκνου;,Ἰσμήνη,Ισμηνη,Ismhnh
569,ἀρώσιμοι γὰρ χἀτέρων εἰσὶν γύαι.,Κρέων,Κρεων,Krewn
570,οὐχ ὥς γʼ ἐκείνῳ τῇδέ τʼ ἦν ἡρμοσμένα.,Ἰσμήνη,Ισμηνη,Ismhnh
571,κακὰς ἐγὼ γυναῖκας υἱέσι στυγῶ.,Κρέων,Κρεων,Krewn
572,"ὦ φίλταθʼ Αἷμον, ὥς σʼ ἀτιμάζει πατήρ.",Ἀντιγόνη,Αντιγονη,Antigonh
573,ἄγαν γε λυπεῖς καὶ σὺ καὶ τὸ σὸν λέχος.,Κρέων,Κρεων,Krewn
574,ἦ γὰρ στερήσεις τῆσδε τὸν σαυτοῦ γόνον;,Χορός,Χορος,Xoros
575,Ἅιδης ὁ παύσων τούσδε τοὺς γάμους ἔφυ.,Κρέων,Κρεων,Krewn
576,"δεδογμένʼ, ὡς ἔοικε, τήνδε κατθανεῖν.",Χορός,Χορος,Xoros
577,"καὶ σοί γε κἀμοί. μὴ τριβὰς ἔτʼ, ἀλλά νιν",Κρέων,Κρεων,Krewn
578,"κομίζετʼ εἴσω, δμῶες· ἐκ δὲ τοῦδε χρὴ",Κρέων,Κρεων,Krewn
579,γυναῖκας εἶναι τάσδε μηδʼ ἀνειμένας.,Κρέων,Κρεων,Krewn
580,"φεύγουσι γάρ τοι χοἰ θρασεῖς, ὅταν πέλας",Κρέων,Κρεων,Krewn
581,"ἤδη τὸν, Ἅιδην εἰσορῶσι τοῦ βίου.",Κρέων,Κρεων,Krewn
583,εὐδαίμονες οἷσι κακῶν ἄγευστος αἰών.,Χορός,Χορος,Xoros
584,"οἷς γὰρ ἂν σεισθῇ θεόθεν δόμος, ἄτας",Χορός,Χορος,Xoros
585,οὐδὲν ἐλλείπει γενεᾶς ἐπὶ πλῆθος ἕρπον·,Χορός,Χορος,Xoros
586,ὅμοιον ὥστε ποντίαις οἶδμα δυσπνόοις ὅταν,Χορός,Χορος,Xoros
587,"Θρῄσσαισιν ἔρεβος ὕφαλον ἐπιδράμῃ πνοαῖς,",Χορός,Χορος,Xoros
590,κυλίνδει βυσσόθεν κελαινὰν θῖνα καὶ,Χορός,Χορος,Xoros
591,"δυσάνεμοι, στόνῳ βρέμουσι δʼ ἀντιπλῆγες ἀκταί.",Χορός,Χορος,Xoros
593,ἀρχαῖα τὰ Λαβδακιδᾶν οἴκων ὁρῶμαι,Χορός,Χορος,Xoros
595,"πήματα φθιτῶν ἐπὶ πήμασι πίπτοντʼ,",Χορός,Χορος,Xoros
596,"οὐδʼ ἀπαλλάσσει γενεὰν γένος, ἀλλʼ ἐρείπει",Χορός,Χορος,Xoros
597,"θεῶν τις, οὐδʼ ἔχει λύσιν. νῦν γὰρ ἐσχάτας ὑπὲρ",Χορός,Χορος,Xoros
600,"ῥίζας ὃ τέτατο φάος ἐν Οἰδίπου δόμοις,",Χορός,Χορος,Xoros
601,κατʼ αὖ νιν φοινία θεῶν τῶν νερτέρων,Χορός,Χορος,Xoros
602,ἀμᾷ κόνις λόγου τʼ ἄνοια καὶ φρενῶν ἐρινύς.,Χορός,Χορος,Xoros
605,"τεάν, Ζεῦ, δύνασιν τίς ἀνδρῶν ὑπερβασία κατάσχοι;",Χορός,Χορος,Xoros
606,"τὰν οὔθʼ ὕπνος αἱρεῖ ποθʼ ὁ πάντʼ ἀγρεύων,",Χορός,Χορος,Xoros
607,"οὔτε θεῶν ἄκματοι μῆνες, ἀγήρῳ δὲ χρόνῳ",Χορός,Χορος,Xoros
610,δυνάστας κατέχεις Ὀλύμπου μαρμαρόεσσαν αἴγλαν.,Χορός,Χορος,Xoros
611,τό τʼ ἔπειτα καὶ τὸ μέλλον,Χορός,Χορος,Xoros
612,καὶ τὸ πρὶν ἐπαρκέσει,Χορός,Χορος,Xoros
613,"νόμος ὅδʼ, οὐδὲν ἕρπει",Χορός,Χορος,Xoros
614,θνατῶν βιότῳ πάμπολύ γʼ ἐκτὸς ἄτας.,Χορός,Χορος,Xoros
615,"ἁ γὰρ δὴ πολύπλαγκτος ἐλπὶς πολλοῖς μὲν ὄνασις ἀνδρῶν,",Χορός,Χορος,Xoros
616,πολλοῖς δʼ ἀπάτα κουφονόων ἐρώτων·,Χορός,Χορος,Xoros
617,"εἰδότι δʼ οὐδὲν ἕρπει, πρὶν πυρὶ θερμῷ πόδα τις",Χορός,Χορος,Xoros
620,προσαύσῃ. σοφίᾳ γὰρ ἔκ του κλεινὸν ἔπος πέφανται.,Χορός,Χορος,Xoros
621,τὸ κακὸν δοκεῖν ποτʼ ἐσθλὸν,Χορός,Χορος,Xoros
622,τῷδʼ ἔμμεν ὅτῳ φρένας,Χορός,Χορος,Xoros
623,θεὸς ἄγει πρὸς ἄταν·,Χορός,Χορος,Xoros
625,πράσσει δʼ ὀλίγιστον χρόνον ἐκτὸς ἄτας.,Χορός,Χορος,Xoros
626,"ὅδε μὴν Αἵμων, παίδων τῶν σῶν",Χορός,Χορος,Xoros
627,νέατον γέννημʼ· ἆρʼ ἀχνύμενος,Χορός,Χορος,Xoros
628,"τάλιδος ἥκει μόρον Ἀντιγόνης,",Χορός,Χορος,Xoros
630,ἀπάτης λεχέων ὑπεραλγῶν;,Χορός,Χορος,Xoros
631,τάχʼ εἰσόμεσθα μάντεων ὑπέρτερον.,Κρέων,Κρεων,Krewn
632,"ὦ παῖ, τελείαν ψῆφον ἆρα μὴ κλύων",Κρέων,Κρεων,Krewn
633,τῆς μελλονύμφου πατρὶ λυσσαίνων πάρει;,Κρέων,Κρεων,Krewn
634,"ἢ σοὶ μὲν ἡμεῖς πανταχῇ, δρῶντες φίλοι;",Κρέων,Κρεων,Krewn
635,"πάτερ, σός εἰμι, καὶ σύ μοι γνώμας ἔχων",Αἵμων,Αιμων,Aimwn
636,"χρηστὰς ἀπορθοῖς, αἷς ἔγωγʼ ἐφέψομαι.",Αἵμων,Αιμων,Aimwn
637,ἐμοὶ γὰρ οὐδεὶς ἀξιώσεται γάμος,Αἵμων,Αιμων,Aimwn
638,μείζων φέρεσθαι σοῦ καλῶς ἡγουμένου.,Αἵμων,Αιμων,Aimwn
639,"οὕτω γάρ, ὦ παῖ, χρὴ διὰ στέρνων ἔχειν,",Κρέων,Κρεων,Krewn
640,γνώμης πατρῴας πάντʼ ὄπισθεν ἑστάναι.,Κρέων,Κρεων,Krewn
641,τούτου γὰρ οὕνεκʼ ἄνδρες εὔχονται γονὰς,Κρέων,Κρεων,Krewn
642,"κατηκόους φύσαντες ἐν δόμοις ἔχειν,",Κρέων,Κρεων,Krewn
643,ὡς καὶ τὸν ἐχθρὸν ἀνταμύνωνται κακοῖς,Κρέων,Κρεων,Krewn
644,καὶ τὸν φίλον τιμῶσιν ἐξ ἴσου πατρί.,Κρέων,Κρεων,Krewn
645,"ὅστις δʼ ἀνωφέλητα φιτύει τέκνα,",Κρέων,Κρεων,Krewn
646,τί τόνδʼ ἂν εἴποις ἄλλο πλὴν αὑτῷ πόνους,Κρέων,Κρεων,Krewn
647,"φῦσαι, πολὺν δὲ τοῖσιν ἐχθροῖσιν γέλων;",Κρέων,Κρεων,Krewn
648,"μή νύν ποτʼ, ὦ παῖ, τὰς φρένας ὑφʼ ἡδονῆς",Κρέων,Κρεων,Krewn
649,"γυναικὸς οὕνεκʼ ἐκβάλῃς, εἰδὼς ὅτι",Κρέων,Κρεων,Krewn
650,"ψυχρὸν παραγκάλισμα τοῦτο γίγνεται,",Κρέων,Κρεων,Krewn
651,γυνὴ κακὴ ξύνευνος ἐν δόμοις. τί γὰρ,Κρέων,Κρεων,Krewn
652,γένοιτʼ ἂν ἕλκος μεῖζον ἢ φίλος κακός;,Κρέων,Κρεων,Krewn
653,ἀλλὰ πτύσας ὡσεί τε δυσμενῆ μέθες,Κρέων,Κρεων,Krewn
654,τὴν παῖδʼ ἐν Ἅιδου τήνδε νυμφεύειν τινί.,Κρέων,Κρεων,Krewn
655,ἐπεὶ γὰρ αὐτὴν εἷλον ἐμφανῶς ἐγὼ,Κρέων,Κρεων,Krewn
656,"πόλεως ἀπιστήσασαν ἐκ πάσης μόνην,",Κρέων,Κρεων,Krewn
657,"ψευδῆ γʼ ἐμαυτὸν οὐ καταστήσω πόλει,",Κρέων,Κρεων,Krewn
658,ἀλλὰ κτενῶ. πρὸς ταῦτʼ ἐφυμνείτω Δία,Κρέων,Κρεων,Krewn
659,ξύναιμον. εἰ γὰρ δὴ τά γʼ ἐγγενῆ φύσει,Κρέων,Κρεων,Krewn
660,"ἄκοσμα θρέψω, κάρτα τοὺς ἔξω γένους",Κρέων,Κρεων,Krewn
661,ἐν τοῖς γὰρ οἰκείοισιν ὅστις ἔστʼ ἀνὴρ,Κρέων,Κρεων,Krewn
662,"χρηστός, φανεῖται κἀν πόλει δίκαιος ὤν.",Κρέων,Κρεων,Krewn
663,ὅστις δʼ ὑπερβὰς ἢ νόμους βιάζεται,Κρέων,Κρεων,Krewn
664,"ἢ τοὐπιτάσσειν τοῖς κρατύνουσιν νοεῖ,",Κρέων,Κρεων,Krewn
665,οὐκ ἔστʼ ἐπαίνου τοῦτον ἐξ ἐμοῦ τυχεῖν.,Κρέων,Κρεων,Krewn
666,ἀλλʼ ὃν πόλις στήσειε τοῦδε χρὴ κλύειν,Κρέων,Κρεων,Krewn
667,καὶ σμικρὰ καὶ δίκαια καὶ τἀναντία.,Κρέων,Κρεων,Krewn
668,καὶ τοῦτον ἂν τὸν ἄνδρα θαρσοίην ἐγὼ,Κρέων,Κρεων,Krewn
669,"καλῶς μὲν ἄρχειν, εὖ δʼ ἂν ἄρχεσθαι θέλειν,",Κρέων,Κρεων,Krewn
670,δορός τʼ ἂν ἐν χειμῶνι προστεταγμένον,Κρέων,Κρεων,Krewn
671,μένειν δίκαιον κἀγαθὸν παραστάτην.,Κρέων,Κρεων,Krewn
672,ἀναρχίας δὲ μεῖζον οὐκ ἔστιν κακόν.,Κρέων,Κρεων,Krewn
673,"αὕτη πόλεις ὄλλυσιν, ἥδʼ ἀναστάτους",Κρέων,Κρεων,Krewn
674,"οἴκους τίθησιν, ἥδε συμμάχου δορὸς",Κρέων,Κρεων,Krewn
675,τροπὰς καταρρήγνυσι· τῶν δʼ ὀρθουμένων,Κρέων,Κρεων,Krewn
676,σῴζει τὰ πολλὰ σώμαθʼ ἡ πειθαρχία.,Κρέων,Κρεων,Krewn
677,"οὕτως ἀμυντέʼ ἐστὶ τοῖς κοσμουμένοις,",Κρέων,Κρεων,Krewn
678,κοὔτοι γυναικὸς οὐδαμῶς ἡσσητέα.,Κρέων,Κρεων,Krewn
679,"κρεῖσσον γάρ, εἴπερ δεῖ, πρὸς ἀνδρὸς ἐκπεσεῖν,",Κρέων,Κρεων,Krewn
680,κοὐκ ἂν γυναικῶν ἥσσονες καλοίμεθʼ ἄν.,Κρέων,Κρεων,Krewn
681,"ἡμῖν μέν, εἰ μὴ τῷ χρόνῳ κεκλέμμεθα,",Χορός,Χορος,Xoros
682,λέγειν φρονούντως ὧν λέγεις δοκεῖς πέρι.,Χορός,Χορος,Xoros
683,"πάτερ, θεοὶ φύουσιν ἀνθρώποις φρένας,",Αἵμων,Αιμων,Aimwn
684,πάντων ὅσʼ ἐστὶ κτημάτων ὑπέρτατον.,Αἵμων,Αιμων,Aimwn
685,"ἐγὼ δʼ ὅπως σὺ μὴ λέγεις ὀρθῶς τάδε,",Αἵμων,Αιμων,Aimwn
686,οὔτʼ ἂν δυναίμην μήτʼ ἐπισταίμην λέγειν.,Αἵμων,Αιμων,Aimwn
687,γένοιτο μέντἂν χἀτέρῳ καλῶς ἔχον.,Αἵμων,Αιμων,Aimwn
688,σοῦ δʼ οὖν πέφυκα πάντα προσκοπεῖν ὅσα,Αἵμων,Αιμων,Aimwn
689,λέγει τις ἢ πράσσει τις ἢ ψέγειν ἔχει.,Αἵμων,Αιμων,Aimwn
690,τὸ γὰρ σὸν ὄμμα δεινὸν ἀνδρὶ δημότῃ,Αἵμων,Αιμων,Aimwn
691,"λόγοις τοιούτοις, οἷς σὺ μὴ τέρψει κλύων·",Αἵμων,Αιμων,Aimwn
692,"ἐμοὶ δʼ ἀκούειν ἔσθʼ ὑπὸ σκότου τάδε,",Αἵμων,Αιμων,Aimwn
693,"τὴν παῖδα ταύτην οἷʼ, ὀδύρεται πόλις,",Αἵμων,Αιμων,Aimwn
694,πασῶν γυναικῶν ὡς ἀναξιωτάτη,Αἵμων,Αιμων,Aimwn
695,κάκιστʼ ἀπʼ ἔργων εὐκλεεστάτων φθίνει.,Αἵμων,Αιμων,Aimwn
696,ἥτις τὸν αὑτῆς αὐτάδελφον ἐν φοναῖς,Αἵμων,Αιμων,Aimwn
697,πεπτῶτʼ ἄθαπτον μήθʼ ὑπʼ ὠμηστῶν κυνῶν,Αἵμων,Αιμων,Aimwn
698,εἴασʼ ὀλέσθαι μήθʼ ὑπʼ οἰωνῶν τινος.,Αἵμων,Αιμων,Aimwn
699,οὐχ ἥδε χρυσῆς ἀξία τιμῆς λαχεῖν;,Αἵμων,Αιμων,Aimwn
700,τοιάδʼ ἐρεμνὴ σῖγʼ ἐπέρχεται φάτις.,Αἵμων,Αιμων,Aimwn
701,"ἐμοὶ δὲ σοῦ πράσσοντος εὐτυχῶς, πάτερ,",Αἵμων,Αιμων,Aimwn
702,"οὐκ ἔστιν οὐδὲν κτῆμα τιμιώτερον,",Αἵμων,Αιμων,Aimwn
703,τί γὰρ πατρὸς θάλλοντος εὐκλείας τέκνοις,Αἵμων,Αιμων,Aimwn
704,"ἄγαλμα μεῖζον, ἢ τί πρὸς παίδων πατρί;",Αἵμων,Αιμων,Aimwn
705,"μή νυν ἓν ἦθος μοῦνον ἐν σαυτῷ φόρει,",Αἵμων,Αιμων,Aimwn
706,"ὡς φὴς σύ, κοὐδὲν ἄλλο, τοῦτʼ ὀρθῶς ἔχειν.",Αἵμων,Αιμων,Aimwn
707,"ὅστις γὰρ αὐτὸς ἢ φρονεῖν μόνος δοκεῖ,",Αἵμων,Αιμων,Aimwn
708,"ἢ γλῶσσαν, ἣν οὐκ ἄλλος, ἢ ψυχὴν ἔχειν,",Αἵμων,Αιμων,Aimwn
709,οὗτοι διαπτυχθέντες ὤφθησαν κενοί.,Αἵμων,Αιμων,Aimwn
710,"ἀλλʼ ἄνδρα, κεἴ τις ᾖ σοφός, τὸ μανθάνειν",Αἵμων,Αιμων,Aimwn
711,"πόλλʼ, αἰσχρὸν οὐδὲν καὶ τὸ μὴ τείνειν ἄγαν.",Αἵμων,Αιμων,Aimwn
712,ὁρᾷς παρὰ ῥείθροισι χειμάρροις ὅσα,Αἵμων,Αιμων,Aimwn
713,"δένδρων ὑπείκει, κλῶνας ὡς ἐκσῴζεται,",Αἵμων,Αιμων,Aimwn
714,τὰ δʼ ἀντιτείνοντʼ αὐτόπρεμνʼ ἀπόλλυται.,Αἵμων,Αιμων,Aimwn
715,αὕτως δὲ ναὸς ὅστις ἐγκρατῆ πόδα,Αἵμων,Αιμων,Aimwn
716,"τείνας ὑπείκει μηδέν, ὑπτίοις κάτω",Αἵμων,Αιμων,Aimwn
717,στρέψας τὸ λοιπὸν σέλμασιν ναυτίλλεται.,Αἵμων,Αιμων,Aimwn
718,ἀλλʼ εἶκε καὶ θυμῷ μετάστασιν δίδου.,Αἵμων,Αιμων,Aimwn
719,γνώμη γὰρ εἴ τις κἀπʼ ἐμοῦ νεωτέρου,Αἵμων,Αιμων,Aimwn
720,"πρόσεστι, φήμʼ ἔγωγε πρεσβεύειν πολὺ",Αἵμων,Αιμων,Aimwn
721,φῦναι τὸν ἄνδρα πάντʼ ἐπιστήμης πλέων·,Αἵμων,Αιμων,Aimwn
722,"εἰ δʼ οὖν, φιλεῖ γὰρ τοῦτο μὴ ταύτῃ ῥέπειν,",Αἵμων,Αιμων,Aimwn
723,καὶ τῶν λεγόντων εὖ καλὸν τὸ μανθάνειν.,Αἵμων,Αιμων,Aimwn
724,"ἄναξ, σέ τʼ εἰκός, εἴ τι καίριον λέγει,",Χορός,Χορος,Xoros
725,"μαθεῖν, σέ τʼ αὖ τοῦδʼ· εὖ γὰρ εἴρηται διπλῇ.",Χορός,Χορος,Xoros
726,οἱ τηλικοίδε καὶ διδαξόμεσθα δὴ,Κρέων,Κρεων,Krewn
727,φρονεῖν ὑπʼ ἀνδρὸς τηλικοῦδε τὴν φύσιν;,Κρέων,Κρεων,Krewn
728,"μηδὲν τὸ μὴ δίκαιον· εἰ δʼ ἐγὼ νέος,",Αἵμων,Αιμων,Aimwn
729,οὐ τὸν χρόνον χρὴ μᾶλλον ἢ τἄργα σκοπεῖν.,Αἵμων,Αιμων,Aimwn
730,ἔργον γάρ ἐστι τοὺς ἀκοσμοῦντας σέβειν;,Κρέων,Κρεων,Krewn
731,"οὐδʼ ἂν κελεύσαιμʼ, εὐσεβεῖν εἰς τοὺς κακούς.",Αἵμων,Αιμων,Aimwn
732,οὐχ ἥδε γὰρ τοιᾷδʼ ἐπείληπται νόσῳ;,Κρέων,Κρεων,Krewn
733,οὔ φησι Θήβης τῆσδʼ ὁμόπτολις λεώς.,Αἵμων,Αιμων,Aimwn
734,πόλις γὰρ ἡμῖν ἁμὲ χρὴ τάσσειν ἐρεῖ;,Κρέων,Κρεων,Krewn
735,ὁρᾷς τόδʼ ὡς εἴρηκας ὡς ἄγαν νέος;,Αἵμων,Αιμων,Aimwn
736,ἄλλῳ γὰρ ἢ ʼμοὶ χρή με τῆσδʼ ἄρχειν χθονός;,Κρέων,Κρεων,Krewn
737,πόλις γὰρ οὐκ ἔσθʼ ἥτις ἀνδρός ἐσθʼ ἑνός.,Αἵμων,Αιμων,Aimwn
738,οὐ τοῦ κρατοῦντος ἡ πόλις νομίζεται;,Κρέων,Κρεων,Krewn
739,καλῶς γʼ ἐρήμης ἂν σὺ γῆς ἄρχοις μόνος.,Αἵμων,Αιμων,Aimwn
740,"ὅδʼ, ὡς ἔοικε, τῇ γυναικὶ συμμαχεῖ.",Κρέων,Κρεων,Krewn
741,εἴπερ γυνὴ σύ. σοῦ γὰρ οὖν προκήδομαι.,Αἵμων,Αιμων,Aimwn
742,"ὦ παγκάκιστε, διὰ δίκης ἰὼν πατρί;",Κρέων,Κρεων,Krewn
743,οὐ γὰρ δίκαιά σʼ ἐξαμαρτάνονθʼ ὁρῶ.,Αἵμων,Αιμων,Aimwn
744,ἁμαρτάνω γὰρ τὰς ἐμὰς ἀρχὰς σέβων;,Κρέων,Κρεων,Krewn
745,"οὐ γὰρ σέβεις, τιμάς γε τὰς θεῶν πατῶν.",Αἵμων,Αιμων,Aimwn
746,ὦ μιαρὸν ἦθος καὶ γυναικὸς ὕστερον.,Κρέων,Κρεων,Krewn
747,οὔ τἂν ἕλοις ἥσσω γε τῶν αἰσχρῶν ἐμέ.,Αἵμων,Αιμων,Aimwn
748,ὁ γοῦν λόγος σοι πᾶς ὑπὲρ κείνης ὅδε.,Κρέων,Κρεων,Krewn
749,"καὶ σοῦ γε κἀμοῦ, καὶ θεῶν τῶν νερτέρων.",Αἵμων,Αιμων,Aimwn
750,ταύτην ποτʼ οὐκ ἔσθʼ ὡς ἔτι ζῶσαν γαμεῖς.,Κρέων,Κρεων,Krewn
751,ἣ δʼ οὖν θανεῖται καὶ θανοῦσʼ ὀλεῖ τινα.,Αἵμων,Αιμων,Aimwn
752,ἦ κἀπαπειλῶν ὧδʼ ἐπεξέρχει θρασύς;,Κρέων,Κρεων,Krewn
753,τίς δʼ ἔστʼ ἀπειλὴ πρὸς κενὰς γνώμας λέγειν;,Αἵμων,Αιμων,Aimwn
754,"κλαίων φρενώσεις, ὢν φρενῶν αὐτὸς κενός.",Κρέων,Κρεων,Krewn
755,"εἰ μὴ πατὴρ ἦσθʼ, εἶπον ἄν σʼ οὐκ εὖ φρονεῖν.",Αἵμων,Αιμων,Aimwn
756,γυναικὸς ὢν δούλευμα μὴ κώτιλλέ με.,Κρέων,Κρεων,Krewn
757,βούλει λέγειν τι καὶ λέγων μηδὲν κλύειν;,Αἵμων,Αιμων,Aimwn
758,"ἄληθες; ἀλλʼ οὐ τόνδʼ Ὄλυμπον, ἴσθʼ ὅτι,",Κρέων,Κρεων,Krewn
759,χαίρων ἐπὶ ψόγοισι δεννάσεις ἐμέ.,Κρέων,Κρεων,Krewn
760,ἄγαγε τὸ μῖσος ὡς κατʼ ὄμματʼ αὐτίκα,Κρέων,Κρεων,Krewn
761,παρόντι θνῄσκῃ πλησία τῷ νυμφίῳ.,Κρέων,Κρεων,Krewn
762,"οὐ δῆτʼ ἔμοιγε, τοῦτο μὴ δόξῃς ποτέ,",Αἵμων,Αιμων,Aimwn
763,"οὔθʼ ἥδʼ ὀλεῖται πλησία, σύ τʼ οὐδαμὰ",Αἵμων,Αιμων,Aimwn
764,"τοὐμὸν προσόψει κρᾶτʼ ἐν ὀφθαλμοῖς ὁρῶν,",Αἵμων,Αιμων,Aimwn
765,ὡς τοῖς θέλουσι τῶν φίλων μαίνῃ συνών.,Αἵμων,Αιμων,Aimwn
766,"ἁνήρ, ἄναξ, βέβηκεν ἐξ ὀργῆς ταχύς·",Χορός,Χορος,Xoros
767,νοῦς δʼ ἐστὶ τηλικοῦτος ἀλγήσας βαρύς.,Χορός,Χορος,Xoros
768,δράτω· φρονείτω μεῖζον ἢ κατʼ ἄνδρʼ ἰών·,Κρέων,Κρεων,Krewn
769,τὼ δʼ οὖν κόρα τώδʼ οὐκ ἀπαλλάξει μόρου.,Κρέων,Κρεων,Krewn
770,ἄμφω γὰρ αὐτὼ καὶ κατακτεῖναι νοεῖς;,Χορός,Χορος,Xoros
771,οὐ τήν γε μὴ θιγοῦσαν· εὖ γὰρ οὖν λέγεις.,Κρέων,Κρεων,Krewn
772,μόρῳ δὲ ποίῳ καί σφε βουλεύει κτανεῖν;,Χορός,Χορος,Xoros
773,ἄγων ἔρημος ἔνθʼ ἂν ᾖ βροτῶν στίβος,Κρέων,Κρεων,Krewn
774,"κρύψω πετρώδει ζῶσαν ἐν κατώρυχι,",Κρέων,Κρεων,Krewn
775,"φορβῆς τοσοῦτον ὡς ἄγος μόνον προθείς,",Κρέων,Κρεων,Krewn
776,ὅπως μίασμα πᾶσʼ ὑπεκφύγῃ πόλις.,Κρέων,Κρεων,Krewn
777,"κἀκεῖ τὸν Ἅιδην, ὃν μόνον σέβει θεῶν,",Κρέων,Κρεων,Krewn
778,"αἰτουμένη που τεύξεται τὸ μὴ θανεῖν,",Κρέων,Κρεων,Krewn
779,ἢ γνώσεται γοῦν ἀλλὰ τηνικαῦθʼ ὅτι,Κρέων,Κρεων,Krewn
780,πόνος περισσός ἐστι τἀν Ἅιδου σέβειν.,Κρέων,Κρεων,Krewn
781,"Ἔρως ἀνίκατε μάχαν, Ἔρως, ὃς ἐν κτήμασι πίπτεις,",Χορός,Χορος,Xoros
782,"ὃς ἐν μαλακαῖς παρειαῖς νεάνιδος ἐννυχεύεις,",Χορός,Χορος,Xoros
785,φοιτᾷς δʼ ὑπερπόντιος ἔν τʼ ἀγρονόμοις αὐλαῖς·,Χορός,Χορος,Xoros
786,καί σʼ οὔτʼ ἀθανάτων φύξιμος οὐδεὶς,Χορός,Χορος,Xoros
790,οὔθʼ ἁμερίων σέ γʼ ἀνθρώπων. ὁ δʼ ἔχων μέμηνεν.,Χορός,Χορος,Xoros
791,"σὺ καὶ δικαίων ἀδίκους φρένας παρασπᾷς ἐπὶ λώβᾳ,",Χορός,Χορος,Xoros
792,σὺ καὶ τόδε νεῖκος ἀνδρῶν ξύναιμον ἔχεις ταράξας·,Χορός,Χορος,Xoros
795,νικᾷ δʼ ἐναργὴς βλεφάρων ἵμερος εὐλέκτρου,Χορός,Χορος,Xoros
796,"νύμφας, τῶν μεγάλων πάρεδρος ἐν ἀρχαῖς",Χορός,Χορος,Xoros
800,θεσμῶν. ἄμαχος γὰρ ἐμπαίζει θεὸς Ἀφροδίτα.,Χορός,Χορος,Xoros
801,νῦν δʼ ἤδη ʼγὼ καὐτὸς θεσμῶν,Χορός,Χορος,Xoros
802,ἔξω φέρομαι τάδʼ ὁρῶν ἴσχειν δʼ,Χορός,Χορος,Xoros
803,"οὐκέτι πηγὰς δύναμαι δακρύων,",Χορός,Χορος,Xoros
804,τὸν παγκοίτην ὅθʼ ὁρῶ θάλαμον,Χορός,Χορος,Xoros
805,τήνδʼ Ἀντιγόνην ἀνύτουσαν.,Χορός,Χορος,Xoros
806,"ὁρᾶτʼ ἔμʼ, ὦ γᾶς πατρίας πολῖται, τὰν νεάταν ὁδὸν",Ἀντιγόνη,Αντιγονη,Antigonh
807,"στείχουσαν, νέατον δὲ φέγγος λεύσσουσαν ἀελίου,",Ἀντιγόνη,Αντιγονη,Antigonh
810,κοὔποτʼ αὖθις. ἀλλά μʼ ὁ παγκοίτας Ἅιδας ζῶσαν ἄγει,Ἀντιγόνη,Αντιγονη,Antigonh
811,τὰν Ἀχέροντος,Ἀντιγόνη,Αντιγονη,Antigonh
812,"ἀκτάν, οὔθʼ ὑμεναίων ἔγκληρον, οὔτʼ ἐπινύμφειός",Ἀντιγόνη,Αντιγονη,Antigonh
815,"πώ μέ τις ὕμνος ὕμνησεν, ἀλλʼ Ἀχέροντι νυμφεύσω.",Ἀντιγόνη,Αντιγονη,Antigonh
817,οὐκοῦν κλεινὴ καὶ ἔπαινον ἔχουσʼ,Χορός,Χορος,Xoros
818,"ἐς τόδʼ ἀπέρχει κεῦθος νεκύων,",Χορός,Χορος,Xoros
819,οὔτε φθινάσιν πληγεῖσα νόσοις,Χορός,Χορος,Xoros
820,"οὔτε ξιφέων ἐπίχειρα λαχοῦσʼ,",Χορός,Χορος,Xoros
821,ἀλλʼ αὐτόνομος ζῶσα μόνη δὴ,Χορός,Χορος,Xoros
822,θνητῶν Ἅιδην καταβήσει.,Χορός,Χορος,Xoros
823,ἤκουσα δὴ λυγροτάταν ὀλέσθαι τὰν Φρυγίαν ξέναν,Ἀντιγόνη,Αντιγονη,Antigonh
825,"Ταντάλου Σιπύλῳ πρὸς ἄκρῳ, τὰν κισσὸς ὡς ἀτενὴς",Ἀντιγόνη,Αντιγονη,Antigonh
826,"πετραία βλάστα δάμασεν, καί νιν ὄμβροι τακομέναν,",Ἀντιγόνη,Αντιγονη,Antigonh
827,"ὡς φάτις ἀνδρῶν,",Ἀντιγόνη,Αντιγονη,Antigonh
830,"χιών τʼ οὐδαμὰ λείπει, τέγγει δʼ ὑπʼ ὀφρύσι παγκλαύτοις",Ἀντιγόνη,Αντιγονη,Antigonh
831,δειράδας· ᾇ με δαίμων ὁμοιοτάταν κατευνάζει.,Ἀντιγόνη,Αντιγονη,Antigonh
834,"ἀλλὰ θεός τοι καὶ θεογεννής,",Χορός,Χορος,Xoros
835,ἡμεῖς δὲ βροτοὶ καὶ θνητογενεῖς.,Χορός,Χορος,Xoros
836,καίτοι φθιμένῃ μέγα κἀκοῦσαι,Χορός,Χορος,Xoros
837,τοῖς ἰσοθέοις σύγκληρα λαχεῖν.,Χορός,Χορος,Xoros
838,ζῶσαν καὶ ἔπειτα θανοῦσαν.,Χορός,Χορος,Xoros
839,"οἴμοι γελῶμαι. τί με, πρὸς θεῶν πατρῴων.",Ἀντιγόνη,Αντιγονη,Antigonh
840,"οὐκ οἰχομέναν ὑβρίζεις, ἀλλʼ ἐπίφαντον;",Ἀντιγόνη,Αντιγονη,Antigonh
841,"ὦ πόλις, ὦ πόλεως πολυκτήμονες ἄνδρες·",Ἀντιγόνη,Αντιγονη,Antigonh
842,ἰὼ Διρκαῖαι κρῆναι,Ἀντιγόνη,Αντιγονη,Antigonh
845,"Θήβας τʼ εὐαρμάτου ἄλσος, ἔμπας ξυμμάρτυρας ὔμμʼ ἐπικτῶμαι,",Ἀντιγόνη,Αντιγονη,Antigonh
846,"οἵα φίλων ἄκλαυτος, οἵοις νόμοις",Ἀντιγόνη,Αντιγονη,Antigonh
847,πρὸς ἕργμα τυμβόχωστον ἔρχομαι τάφου ποταινίου·,Ἀντιγόνη,Αντιγονη,Antigonh
850,"ἰὼ δύστανος, βροτοῖς οὔτε νεκροῖς κυροῦσα",Ἀντιγόνη,Αντιγονη,Antigonh
851,"μέτοικος οὐ ζῶσιν, οὐ θανοῦσιν.",Ἀντιγόνη,Αντιγονη,Antigonh
853,προβᾶσʼ ἐπʼ ἔσχατον θράσους,Χορός,Χορος,Xoros
854,ὑψηλὸν ἐς Δίκας βάθρον,Χορός,Χορος,Xoros
855,"προσέπεσες, ὦ τέκνον, πολύ·",Χορός,Χορος,Xoros
856,πατρῷον δʼ ἐκτίνεις τινʼ ἆθλον.,Χορός,Χορος,Xoros
858,"ἔψαυσας ἀλγεινοτάτας ἐμοὶ μερίμνας,",Ἀντιγόνη,Αντιγονη,Antigonh
859,πατρὸς τριπόλιστον οἶκτον τοῦ τε πρόπαντος,Ἀντιγόνη,Αντιγονη,Antigonh
860,ἁμετέρου πότμου κλεινοῖς Λαβδακίδαισιν.,Ἀντιγόνη,Αντιγονη,Antigonh
861,ἰὼ ματρῷαι λέκτρων,Ἀντιγόνη,Αντιγονη,Antigonh
865,"ἆται κοιμήματά τʼ αὐτογέννητʼ ἐμῷ πατρὶ δυσμόρου ματρός,",Ἀντιγόνη,Αντιγονη,Antigonh
866,οἵων ἐγώ ποθʼ ἁ ταλαίφρων ἔφυν·,Ἀντιγόνη,Αντιγονη,Antigonh
867,πρὸς οὓς ἀραῖος ἄγαμος ἅδʼ ἐγὼ μέτοικος ἔρχομαι.,Ἀντιγόνη,Αντιγονη,Antigonh
870,"ἰὼ δυσπότμων κασίγνητε γάμων κυρήσας,",Ἀντιγόνη,Αντιγονη,Antigonh
871,θανὼν ἔτʼ οὖσαν κατήναρές με.,Ἀντιγόνη,Αντιγονη,Antigonh
872,"σέβειν μὲν εὐσέβειά τις,",Χορός,Χορος,Xoros
873,κράτος δʼ ὅτῳ κράτος μέλει,Χορός,Χορος,Xoros
874,παραβατὸν οὐδαμᾷ πέλει·,Χορός,Χορος,Xoros
875,σὲ δʼ αὐτόγνωτος ὤλεσʼ ὀργά.,Χορός,Χορος,Xoros
876,"ἄκλαυτος, ἄφιλος, ἀνυμέναιος ταλαίφρων ἄγομαι",Ἀντιγόνη,Αντιγονη,Antigonh
877,τὰν πυμάταν ὁδόν. οὐκέτι μοι τόδε,Ἀντιγόνη,Αντιγονη,Antigonh
878,λαμπάδος ἱερὸν ὄμμα,Ἀντιγόνη,Αντιγονη,Antigonh
880,θέμις ὁρᾶν ταλαίνᾳ.,Ἀντιγόνη,Αντιγονη,Antigonh
881,τὸν δʼ ἐμὸν πότμον ἀδάκρυτον,Ἀντιγόνη,Αντιγονη,Antigonh
882,οὐδεὶς φίλων στενάζει.,Ἀντιγόνη,Αντιγονη,Antigonh
883,"ἆρʼ ἴστʼ, ἀοιδὰς καὶ γόους πρὸ τοῦ θανεῖν",Κρέων,Κρεων,Krewn
884,"ὡς οὐδʼ ἂν εἷς παύσαιτʼ ἄν, εἰ χρείη λέγειν;",Κρέων,Κρεων,Krewn
885,οὐκ ἄξεθʼ ὡς τάχιστα; καὶ κατηρεφεῖ,Κρέων,Κρεων,Krewn
886,"τύμβῳ περιπτύξαντες, ὡς εἴρηκʼ ἐγώ,",Κρέων,Κρεων,Krewn
887,"ἄφετε μόνην ἔρημον, εἴτε χρῇ θανεῖν",Κρέων,Κρεων,Krewn
888,εἴτʼ ἐν τοιαύτῃ ζῶσα τυμβεύειν στέγῃ·,Κρέων,Κρεων,Krewn
889,ἡμεῖς γὰρ ἁγνοὶ τοὐπὶ τήνδε τὴν κόρην·,Κρέων,Κρεων,Krewn
890,μετοικίας δʼ οὖν τῆς ἄνω στερήσεται.,Κρέων,Κρεων,Krewn
891,"ὦ τύμβος, ὦ νυμφεῖον, ὦ κατασκαφὴς",Ἀντιγόνη,Αντιγονη,Antigonh
892,"οἴκησις ἀείφρουρος, οἷ πορεύομαι",Ἀντιγόνη,Αντιγονη,Antigonh
893,"πρὸς τοὺς ἐμαυτῆς, ὧν ἀριθμὸν ἐν νεκροῖς",Ἀντιγόνη,Αντιγονη,Antigonh
894,πλεῖστον δέδεκται Φερσέφασσʼ ὀλωλότων·,Ἀντιγόνη,Αντιγονη,Antigonh
895,ὧν λοισθία ʼγὼ καὶ κάκιστα δὴ μακρῷ,Ἀντιγόνη,Αντιγονη,Antigonh
896,"κάτειμι, πρίν μοι μοῖραν ἐξήκειν βίου.",Ἀντιγόνη,Αντιγονη,Antigonh
897,ἐλθοῦσα μέντοι κάρτʼ ἐν ἐλπίσιν τρέφω,Ἀντιγόνη,Αντιγονη,Antigonh
898,"φίλη μὲν ἥξειν πατρί, προσφιλὴς δὲ σοί,",Ἀντιγόνη,Αντιγονη,Antigonh
899,"μῆτερ, φίλη δὲ σοί, κασίγνητον κάρα·",Ἀντιγόνη,Αντιγονη,Antigonh
900,ἐπεὶ θανόντας αὐτόχειρ ὑμᾶς ἐγὼ,Ἀντιγόνη,Αντιγονη,Antigonh
901,ἔλουσα κἀκόσμησα κἀπιτυμβίους,Ἀντιγόνη,Αντιγονη,Antigonh
902,"χοὰς ἔδωκα. νῦν δέ, Πολύνεικες, τὸ σὸν",Ἀντιγόνη,Αντιγονη,Antigonh
903,δέμας περιστέλλουσα τοιάδʼ ἄρνυμαι.,Ἀντιγόνη,Αντιγονη,Antigonh
904,καίτοι σʼ ἐγὼ ʼτίμησα τοῖς φρονοῦσιν εὖ.,Ἀντιγόνη,Αντιγονη,Antigonh
905,"οὐ γάρ ποτʼ οὔτʼ ἄν, εἰ τέκνων μήτηρ ἔφυν,",Ἀντιγόνη,Αντιγονη,Antigonh
906,"οὔτʼ εἰ πόσις μοι κατθανὼν ἐτήκετο,",Ἀντιγόνη,Αντιγονη,Antigonh
907,βίᾳ πολιτῶν τόνδʼ ἂν ᾐρόμην πόνον.,Ἀντιγόνη,Αντιγονη,Antigonh
908,τίνος νόμου δὴ ταῦτα πρὸς χάριν λέγω;,Ἀντιγόνη,Αντιγονη,Antigonh
909,"πόσις μὲν ἄν μοι κατθανόντος ἄλλος ἦν,",Ἀντιγόνη,Αντιγονη,Antigonh
910,"καὶ παῖς ἀπʼ ἄλλου φωτός, εἰ τοῦδʼ ἤμπλακον,",Ἀντιγόνη,Αντιγονη,Antigonh
911,μητρὸς δʼ ἐν Ἅιδου καὶ πατρὸς κεκευθότοιν,Ἀντιγόνη,Αντιγονη,Antigonh
912,οὐκ ἔστʼ ἀδελφὸς ὅστις ἂν βλάστοι ποτέ.,Ἀντιγόνη,Αντιγονη,Antigonh
913,τοιῷδε μέντοι σʼ ἐκπροτιμήσασʼ ἐγὼ,Ἀντιγόνη,Αντιγονη,Antigonh
914,νόμῳ Κρέοντι ταῦτʼ ἔδοξʼ ἁμαρτάνειν,Ἀντιγόνη,Αντιγονη,Antigonh
915,"καὶ δεινὰ τολμᾶν, ὦ κασίγνητον κάρα.",Ἀντιγόνη,Αντιγονη,Antigonh
916,καὶ νῦν ἄγει με διὰ χερῶν οὕτω λαβὼν,Ἀντιγόνη,Αντιγονη,Antigonh
917,"ἄλεκτρον, ἀνυμέναιον, οὔτε του γάμου",Ἀντιγόνη,Αντιγονη,Antigonh
918,"μέρος λαχοῦσαν οὔτε παιδείου τροφῆς,",Ἀντιγόνη,Αντιγονη,Antigonh
919,ἀλλʼ ὧδʼ ἔρημος πρὸς φίλων ἡ δύσμορος,Ἀντιγόνη,Αντιγονη,Antigonh
920,ζῶσʼ εἰς θανόντων ἔρχομαι κατασκαφάς.,Ἀντιγόνη,Αντιγονη,Antigonh
921,ποίαν παρεξελθοῦσα δαιμόνων δίκην;,Ἀντιγόνη,Αντιγονη,Antigonh
922,τί χρή με τὴν δύστηνον ἐς θεοὺς ἔτι,Ἀντιγόνη,Αντιγονη,Antigonh
923,βλέπειν; τίνʼ αὐδᾶν ξυμμάχων; ἐπεί γε δὴ,Ἀντιγόνη,Αντιγονη,Antigonh
924,τὴν δυσσέβειαν εὐσεβοῦσʼ ἐκτησάμην.,Ἀντιγόνη,Αντιγονη,Antigonh
925,"ἀλλʼ εἰ μὲν οὖν τάδʼ ἐστὶν ἐν θεοῖς καλά,",Ἀντιγόνη,Αντιγονη,Antigonh
926,παθόντες ἂν ξυγγνοῖμεν ἡμαρτηκότες·,Ἀντιγόνη,Αντιγονη,Antigonh
927,"εἰ δʼ οἵδʼ ἁμαρτάνουσι, μὴ πλείω κακὰ",Ἀντιγόνη,Αντιγονη,Antigonh
928,πάθοιεν ἢ καὶ δρῶσιν ἐκδίκως ἐμέ.,Ἀντιγόνη,Αντιγονη,Antigonh
929,ἔτι τῶν αὐτῶν ἀνέμων αὑταὶ,Χορός,Χορος,Xoros
930,ψυχῆς ῥιπαὶ τήνδε γʼ ἔχουσιν.,Χορός,Χορος,Xoros
931,τοιγὰρ τούτων τοῖσιν ἄγουσιν,Κρέων,Κρεων,Krewn
932,κλαύμαθʼ ὑπάρξει βραδυτῆτος ὕπερ.,Κρέων,Κρεων,Krewn
933,"οἴμοι, θανάτου τοῦτʼ ἐγγυτάτω",Ἀντιγόνη,Αντιγονη,Antigonh
934,τοὔπος ἀφῖκται.,Ἀντιγόνη,Αντιγονη,Antigonh
935,θαρσεῖν οὐδὲν παραμυθοῦμαι,Χορός,Χορος,Xoros
936,μὴ οὐ τάδε ταύτῃ κατακυροῦσθαι.,Χορός,Χορος,Xoros
937,ὦ γῆς Θήβης ἄστυ πατρῷον,Ἀντιγόνη,Αντιγονη,Antigonh
938,"καὶ θεοὶ προγενεῖς,",Ἀντιγόνη,Αντιγονη,Antigonh
939,ἄγομαι δὴ κοὐκέτι μέλλω.,Ἀντιγόνη,Αντιγονη,Antigonh
940,"λεύσσετε, Θήβης οἱ κοιρανίδαι",Ἀντιγόνη,Αντιγονη,Antigonh
941,"τὴν βασιλειδᾶν μούνην λοιπήν,",Ἀντιγόνη,Αντιγονη,Antigonh
942,"οἷα πρὸς οἵων ἀνδρῶν πάσχω,",Ἀντιγόνη,Αντιγονη,Antigonh
943,τὴν εὐσεβίαν σεβίσασα.,Ἀντιγόνη,Αντιγονη,Antigonh
944,ἔτλα καὶ Δανάας οὐράνιον φῶς,Χορός,Χορος,Xoros
945,ἀλλάξαι δέμας ἐν χαλκοδέτοις αὐλαῖς·,Χορός,Χορος,Xoros
946,κρυπτομένα δʼ ἐν τυμβήρει θαλάμῳ κατεζεύχθη·,Χορός,Χορος,Xoros
947,"καίτοι καὶ γενεᾷ τίμιος, ὦ παῖ παῖ,",Χορός,Χορος,Xoros
950,καὶ Ζηνὸς ταμιεύεσκε γονὰς χρυσορύτους.,Χορός,Χορος,Xoros
951,ἀλλʼ ἁ μοιριδία τις δύνασις δεινά·,Χορός,Χορος,Xoros
952,"οὔτʼ ἄν νιν ὄλβος οὔτʼ Ἄρης, οὐ πύργος, οὐχ ἁλίκτυποι",Χορός,Χορος,Xoros
953,κελαιναὶ νᾶες ἐκφύγοιεν.,Χορός,Χορος,Xoros
955,"ζεύχθη δʼ ὀξύχολος παῖς ὁ Δρύαντος,",Χορός,Χορος,Xoros
956,"Ἠδωνῶν βασιλεύς, κερτομίοις ὀργαῖς",Χορός,Χορος,Xoros
957,ἐκ Διονύσου πετρώδει κατάφαρκτος ἐν δεσμῷ.,Χορός,Χορος,Xoros
958,οὕτω τᾶς μανίας δεινὸν ἀποστάζει,Χορός,Χορος,Xoros
960,ἀνθηρόν τε μένος. κεῖνος ἐπέγνω μανίαις,Χορός,Χορος,Xoros
961,ψαύων τὸν θεὸν ἐν κερτομίοις γλώσσαις.,Χορός,Χορος,Xoros
962,"παύεσκε μὲν γὰρ ἐνθέους γυναῖκας εὔιόν τε πῦρ,",Χορός,Χορος,Xoros
965,φιλαύλους τʼ ἠρέθιζε Μούσας.,Χορός,Χορος,Xoros
966,παρὰ δὲ Κυανεᾶν πελάγει διδύμας ἁλὸς,Χορός,Χορος,Xoros
967,ἀκταὶ Βοσπόριαι ἠδʼ ὁ Θρῃκῶν,Χορός,Χορος,Xoros
970,"Σαλμυδησσός, ἵνʼ ἀγχίπτολις Ἄρης",Χορός,Χορος,Xoros
971,δισσοῖσι Φινεΐδαις,Χορός,Χορος,Xoros
972,εἶδεν ἀρατὸν ἕλκος,Χορός,Χορος,Xoros
973,τυφλωθὲν ἐξ ἀγρίας δάμαρτος,Χορός,Χορος,Xoros
974,ἀλαὸν ἀλαστόροισιν ὀμμάτων κύκλοις,Χορός,Χορος,Xoros
975,"ἀραχθέντων, ὑφʼ αἱματηραῖς",Χορός,Χορος,Xoros
976,χείρεσσι καὶ κερκίδων ἀκμαῖσιν.,Χορός,Χορος,Xoros
977,κατὰ δὲ τακόμενοι μέλεοι μελέαν πάθαν,Χορός,Χορος,Xoros
980,"κλαῖον, ματρὸς ἔχοντες ἀνύμφευτον γονάν·",Χορός,Χορος,Xoros
981,ἁ δὲ σπέρμα μὲν ἀρχαιογόνων,Χορός,Χορος,Xoros
982,"ἄντασʼ Ἐρεχθεϊδᾶν,",Χορός,Χορος,Xoros
983,τηλεπόροις δʼ ἐν ἄντροις,Χορός,Χορος,Xoros
984,τράφη θυέλλαισιν ἐν πατρῴαις,Χορός,Χορος,Xoros
985,Βορεὰς ἅμιππος ὀρθόποδος ὑπὲρ πάγου,Χορός,Χορος,Xoros
986,θεῶν παῖς. ἀλλὰ κἀπʼ ἐκείνᾳ,Χορός,Χορος,Xoros
987,"Μοῖραι μακραίωνες ἔσχον, ὦ παῖ.",Χορός,Χορος,Xoros
988,"Θήβης ἄνακτες, ἥκομεν κοινὴν ὁδὸν",Τειρεσίας,Τειρεσιας,Teiresias
989,δύʼ ἐξ ἑνὸς βλέποντε· τοῖς τυφλοῖσι γὰρ,Τειρεσίας,Τειρεσιας,Teiresias
990,αὕτη κέλευθος ἐκ προηγητοῦ πέλει.,Τειρεσίας,Τειρεσιας,Teiresias
991,"τί δʼ ἔστιν, ὦ γεραιὲ Τειρεσία, νέον;",Κρέων,Κρεων,Krewn
992,"ἐγὼ διδάξω, καὶ σὺ τῷ μάντει πιθοῦ.",Τειρεσίας,Τειρεσιας,Teiresias
993,οὔκουν πάρος γε σῆς ἀπεστάτουν φρενός.,Κρέων,Κρεων,Krewn
994,τοιγὰρ διʼ ὀρθῆς τήνδʼ ἐναυκλήρεις πόλιν.,Τειρεσίας,Τειρεσιας,Teiresias
995,ἔχω πεπονθὼς μαρτυρεῖν ὀνήσιμα.,Κρέων,Κρεων,Krewn
996,φρόνει βεβὼς αὖ νῦν ἐπὶ ξυροῦ τύχης.,Τειρεσίας,Τειρεσιας,Teiresias
997,τί δʼ ἔστιν; ὡς ἐγὼ τὸ σὸν φρίσσω στόμα.,Κρέων,Κρεων,Krewn
998,"γνώσει, τέχνης σημεῖα τῆς ἐμῆς κλύων.",Τειρεσίας,Τειρεσιας,Teiresias
999,εἰς γὰρ παλαιὸν θᾶκον ὀρνιθοσκόπον,Τειρεσίας,Τειρεσιας,Teiresias
1000,"ἵζων, ἵνʼ ἦν μοι παντὸς οἰωνοῦ λιμήν,",Τειρεσίας,Τειρεσιας,Teiresias
1001,"ἀγνῶτʼ ἀκούω φθόγγον ὀρνίθων, κακῷ",Τειρεσίας,Τειρεσιας,Teiresias
1002,κλάζοντας οἴστρῳ καὶ βεβαρβαρωμένῳ.,Τειρεσίας,Τειρεσιας,Teiresias
1003,καὶ σπῶντας ἐν χηλαῖσιν ἀλλήλους φοναῖς,Τειρεσίας,Τειρεσιας,Teiresias
1004,ἔγνων· πτερῶν γὰρ ῥοῖβδος οὐκ ἄσημος ἦν.,Τειρεσίας,Τειρεσιας,Teiresias
1005,εὐθὺς δὲ δείσας ἐμπύρων ἐγευόμην,Τειρεσίας,Τειρεσιας,Teiresias
1006,βωμοῖσι παμφλέκτοισιν· ἐκ δὲ θυμάτων,Τειρεσίας,Τειρεσιας,Teiresias
1007,"Ἥφαιστος οὐκ ἔλαμπεν, ἀλλʼ ἐπὶ σποδῷ",Τειρεσίας,Τειρεσιας,Teiresias
1008,μυδῶσα κηκὶς μηρίων ἐτήκετο,Τειρεσίας,Τειρεσιας,Teiresias
1009,"κἄτυφε κἀνέπτυε, καὶ μετάρσιοι",Τειρεσίας,Τειρεσιας,Teiresias
1010,"χολαὶ διεσπείροντο, καὶ καταρρυεῖς",Τειρεσίας,Τειρεσιας,Teiresias
1011,μηροὶ καλυπτῆς ἐξέκειντο πιμελῆς.,Τειρεσίας,Τειρεσιας,Teiresias
1012,"τοιαῦτα παιδὸς τοῦδʼ ἐμάνθανον πάρα,",Τειρεσίας,Τειρεσιας,Teiresias
1013,φθίνοντʼ ἀσήμων ὀργίων μαντεύματα.,Τειρεσίας,Τειρεσιας,Teiresias
1014,"ἐμοὶ γὰρ οὗτος ἡγεμών, ἄλλοις δʼ ἐγώ.",Τειρεσίας,Τειρεσιας,Teiresias
1015,καὶ ταῦτα τῆς σῆς ἐκ φρενὸς νοσεῖ πόλις.,Τειρεσίας,Τειρεσιας,Teiresias
1016,βωμοὶ γὰρ ἡμῖν ἐσχάραι τε παντελεῖς,Τειρεσίας,Τειρεσιας,Teiresias
1017,πλήρεις ὑπʼ οἰωνῶν τε καὶ κυνῶν βορᾶς,Τειρεσίας,Τειρεσιας,Teiresias
1018,τοῦ δυσμόρου πεπτῶτος Οἰδίπου γόνου.,Τειρεσίας,Τειρεσιας,Teiresias
1019,κᾆτʼ οὐ δέχονται θυστάδας λιτὰς ἔτι,Τειρεσίας,Τειρεσιας,Teiresias
1020,"θεοὶ παρʼ ἡμῶν οὐδὲ μηρίων φλόγα,",Τειρεσίας,Τειρεσιας,Teiresias
1021,οὐδʼ ὄρνις εὐσήμους ἀπορροιβδεῖ βοάς,Τειρεσίας,Τειρεσιας,Teiresias
1022,ἀνδροφθόρου βεβρῶτες αἵματος λίπος.,Τειρεσίας,Τειρεσιας,Teiresias
1023,"ταῦτʼ οὖν, τέκνον, φρόνησον. ἀνθρώποισι γὰρ",Τειρεσίας,Τειρεσιας,Teiresias
1024,τοῖς πᾶσι κοινόν ἐστι τοὐξαμαρτάνειν·,Τειρεσίας,Τειρεσιας,Teiresias
1025,"ἐπεὶ δʼ ἁμάρτῃ, κεῖνος οὐκέτʼ ἔστʼ ἀνὴρ",Τειρεσίας,Τειρεσιας,Teiresias
1026,"ἄβουλος οὐδʼ ἄνολβος, ὅστις ἐς κακὸν",Τειρεσίας,Τειρεσιας,Teiresias
1027,πεσὼν ἀκῆται μηδʼ ἀκίνητος πέλῃ.,Τειρεσίας,Τειρεσιας,Teiresias
1028,αὐθαδία τοι σκαιότητʼ ὀφλισκάνει.,Τειρεσίας,Τειρεσιας,Teiresias
1029,ἀλλʼ εἶκε τῷ θανόντι μηδʼ ὀλωλότα,Τειρεσίας,Τειρεσιας,Teiresias
1030,κέντει· τίς ἀλκὴ τὸν θανόντʼ ἐπικτανεῖν;,Τειρεσίας,Τειρεσιας,Teiresias
1031,εὖ σοι φρονήσας εὖ λέγω. τὸ μανθάνειν δʼ,Τειρεσίας,Τειρεσιας,Teiresias
1032,"ἥδιστον εὖ λέγοντος, εἰ κέρδος λέγοι.",Τειρεσίας,Τειρεσιας,Teiresias
1033,"ὦ πρέσβυ, πάντες ὥστε τοξόται σκοποῦ",Κρέων,Κρεων,Krewn
1034,"τοξεύετʼ ἀνδρὸς τοῦδε, κοὐδὲ μαντικῆς",Κρέων,Κρεων,Krewn
1035,ἄπρακτος ὑμῖν εἰμι· τῶν δʼ ὑπαὶ γένους,Κρέων,Κρεων,Krewn
1036,ἐξημπόλημαι κἀμπεφόρτισμαι πάλαι.,Κρέων,Κρεων,Krewn
1037,"κερδαίνετʼ, ἐμπολᾶτε τἀπὸ Σάρδεων",Κρέων,Κρεων,Krewn
1038,"ἤλεκτρον, εἰ βούλεσθε, καὶ τὸν Ἰνδικὸν",Κρέων,Κρεων,Krewn
1039,"χρυσόν· τάφῳ δʼ ἐκεῖνον οὐχὶ κρύψετε,",Κρέων,Κρεων,Krewn
1040,οὐδʼ εἰ θέλουσʼ οἱ Ζηνὸς αἰετοὶ βορὰν,Κρέων,Κρεων,Krewn
1041,"φέρειν νιν ἁρπάζοντες ἐς Διὸς θρόνους,",Κρέων,Κρεων,Krewn
1042,οὐδʼ ὣς μίασμα τοῦτο μὴ τρέσας ἐγὼ,Κρέων,Κρεων,Krewn
1043,θάπτειν παρήσω κεῖνον· εὖ γὰρ οἶδʼ ὅτι,Κρέων,Κρεων,Krewn
1044,θεοὺς μιαίνειν οὔτις ἀνθρώπων σθένει.,Κρέων,Κρεων,Krewn
1045,"πίπτουσι δʼ, ὦ γεραιὲ Τειρεσία, βροτῶν",Κρέων,Κρεων,Krewn
1046,"χοἰ πολλὰ δεινοὶ πτώματʼ αἴσχρʼ, ὅταν λόγους",Κρέων,Κρεων,Krewn
1047,αἰσχροὺς καλῶς λέγωσι τοῦ κέρδους χάριν.,Κρέων,Κρεων,Krewn
1048,φεῦ.,Τειρεσίας,Τειρεσιας,Teiresias
1048a,"ἆρʼ οἶδεν ἀνθρώπων τις, ἆρα φράζεται,",Τειρεσίας,Τειρεσιας,Teiresias
1049,τί χρῆμα; ποῖον τοῦτο πάγκοινον λέγεις;,Κρέων,Κρεων,Krewn
1050,ὅσῳ κράτιστον κτημάτων εὐβουλία;,Τειρεσίας,Τειρεσιας,Teiresias
1051,"ὅσῳπερ, οἶμαι, μὴ φρονεῖν πλείστη βλάβη.",Κρέων,Κρεων,Krewn
1052,ταύτης σὺ μέντοι τῆς νόσου πλήρης ἔφυς.,Τειρεσίας,Τειρεσιας,Teiresias
1053,οὐ βούλομαι τὸν μάντιν ἀντειπεῖν κακῶς.,Κρέων,Κρεων,Krewn
1054,"καὶ μὴν λέγεις, ψευδῆ με θεσπίζειν λέγων.",Τειρεσίας,Τειρεσιας,Teiresias
1055,τὸ μαντικὸν γὰρ πᾶν φιλάργυρον γένος.,Κρέων,Κρεων,Krewn
1056,τὸ δʼ ἐκ τυράννων αἰσχροκέρδειαν φιλεῖ.,Τειρεσίας,Τειρεσιας,Teiresias
1057,ἆρʼ οἶσθα ταγοὺς ὄντας ἃν λέγῃς λέγων;,Κρέων,Κρεων,Krewn
1058,οἶδʼ· ἐξ ἐμοῦ γὰρ τήνδʼ ἔχεις σώσας πόλιν.,Τειρεσίας,Τειρεσιας,Teiresias
1059,"σοφὸς σὺ μάντις, ἀλλὰ τἀδικεῖν φιλῶν.",Κρέων,Κρεων,Krewn
1060,ὄρσεις με τἀκίνητα διὰ φρενῶν φράσαι.,Τειρεσίας,Τειρεσιας,Teiresias
1061,"κίνει, μόνον δὲ μὴ ʼπὶ κέρδεσιν λέγων.",Κρέων,Κρεων,Krewn
1062,οὕτω γὰρ ἤδη καὶ δοκῶ τὸ σὸν μέρος.,Τειρεσίας,Τειρεσιας,Teiresias
1063,ὡς μὴ ʼμπολήσων ἴσθι τὴν ἐμὴν φρένα.,Κρέων,Κρεων,Krewn
1064,ἀλλʼ εὖ γέ τοι κάτισθι μὴ πολλοὺς ἔτι,Τειρεσίας,Τειρεσιας,Teiresias
1065,"τρόχους ἁμιλλητῆρας ἡλίου τελεῖν,",Τειρεσίας,Τειρεσιας,Teiresias
1066,ἐν οἷσι τῶν σῶν αὐτὸς ἐκ σπλάγχνων ἕνα,Τειρεσίας,Τειρεσιας,Teiresias
1067,"νέκυν νεκρῶν ἀμοιβὸν ἀντιδοὺς ἔσει,",Τειρεσίας,Τειρεσιας,Teiresias
1068,ἀνθʼ ὧν ἔχεις μὲν τῶν ἄνω βαλὼν κάτω,Τειρεσίας,Τειρεσιας,Teiresias
1069,"ψυχήν τʼ ἀτίμως ἐν τάφῳ κατῴκισας,",Τειρεσίας,Τειρεσιας,Teiresias
1070,ἔχεις δὲ τῶν κάτωθεν ἐνθάδʼ αὖ θεῶν,Τειρεσίας,Τειρεσιας,Teiresias
1071,"ἄμοιρον, ἀκτέριστον, ἀνόσιον νέκυν.",Τειρεσίας,Τειρεσιας,Teiresias
1072,ὧν οὔτε σοὶ μέτεστιν οὔτε τοῖς ἄνω,Τειρεσίας,Τειρεσιας,Teiresias
1073,"θεοῖσιν, ἀλλʼ ἐκ σοῦ βιάζονται τάδε.",Τειρεσίας,Τειρεσιας,Teiresias
1074,τούτων σε λωβητῆρες ὑστεροφθόροι,Τειρεσίας,Τειρεσιας,Teiresias
1075,"λοχῶσιν Ἅιδου καὶ θεῶν Ἐρινύες,",Τειρεσίας,Τειρεσιας,Teiresias
1076,ἐν τοῖσιν αὐτοῖς τοῖσδε ληφθῆναι κακοῖς.,Τειρεσίας,Τειρεσιας,Teiresias
1077,καὶ ταῦτʼ ἄθρησον εἰ κατηργυρωμένος,Τειρεσίας,Τειρεσιας,Teiresias
1078,λέγω· φανεῖ γὰρ οὐ μακροῦ χρόνου τριβὴ,Τειρεσίας,Τειρεσιας,Teiresias
1079,ἀνδρῶν γυναικῶν σοῖς δόμοις κωκύματα.,Τειρεσίας,Τειρεσιας,Teiresias
1080,"ἐχθραὶ δὲ πᾶσαι συνταράσσονται πόλεις,",Τειρεσίας,Τειρεσιας,Teiresias
1081,ὅσων σπαράγματʼ ἢ κύνες καθήγνισαν,Τειρεσίας,Τειρεσιας,Teiresias
1082,"ἢ θῆρες ἤ τις πτηνὸς οἰωνός, φέρων",Τειρεσίας,Τειρεσιας,Teiresias
1083,ἀνόσιον ὀσμὴν ἑστιοῦχον ἐς πόλιν.,Τειρεσίας,Τειρεσιας,Teiresias
1084,"τοιαῦτά σου, λυπεῖς γάρ, ὥστε τοξότης",Τειρεσίας,Τειρεσιας,Teiresias
1085,ἀφῆκα θυμῷ καρδίας τοξεύματα,Τειρεσίας,Τειρεσιας,Teiresias
1086,"βέβαια, τῶν σὺ θάλπος οὐχ ὑπεκδραμεῖ.",Τειρεσίας,Τειρεσιας,Teiresias
1087,"ὦ παῖ, σὺ δʼ ἡμᾶς ἄπαγε πρὸς δόμους, ἵνα",Τειρεσίας,Τειρεσιας,Teiresias
1088,"τὸν θυμὸν οὗτος ἐς νεωτέρους ἀφῇ,",Τειρεσίας,Τειρεσιας,Teiresias
1089,καὶ γνῷ τρέφειν τὴν γλῶσσαν ἡσυχαιτέραν,Τειρεσίας,Τειρεσιας,Teiresias
1090,τὸν νοῦν τʼ ἀμείνω τῶν φρενῶν ἢ νῦν φέρει.,Τειρεσίας,Τειρεσιας,Teiresias
1091,"ἁνήρ, ἄναξ, βέβηκε δεινὰ θεσπίσας·",Χορός,Χορος,Xoros
1092,"ἐπιστάμεσθα δʼ, ἐξ ὅτου λευκὴν ἐγὼ",Χορός,Χορος,Xoros
1093,"τήνδʼ ἐκ μελαίνης ἀμφιβάλλομαι τρίχα,",Χορός,Χορος,Xoros
1094,μή πώ ποτʼ αὐτὸν ψεῦδος ἐς πόλιν λακεῖν.,Χορός,Χορος,Xoros
1095,ἔγνωκα καὐτὸς καὶ ταράσσομαι φρένας.,Κρέων,Κρεων,Krewn
1096,"τό τʼ εἰκαθεῖν γὰρ δεινόν, ἀντιστάντα δὲ",Κρέων,Κρεων,Krewn
1097,ἄτῃ πατάξαι θυμὸν ἐν δεινῷ πάρα.,Κρέων,Κρεων,Krewn
1098,"εὐβουλίας δεῖ, παῖ Μενοικέως, λαβεῖν.",Χορός,Χορος,Xoros
1099,τί δῆτα χρὴ δρᾶν; φράζε. πείσομαι δʼ ἐγώ.,Κρέων,Κρεων,Krewn
1100,ἐλθὼν κόρην μὲν ἐκ κατώρυχος στέγης,Χορός,Χορος,Xoros
1101,"ἄνες, κτίσον δὲ τῷ προκειμένῳ, τάφον.",Χορός,Χορος,Xoros
1102,καὶ ταῦτʼ ἐπαινεῖς καὶ δοκεῖς παρεικαθεῖν;,Κρέων,Κρεων,Krewn
1103,"ὅσον γʼ, ἄναξ, τάχιστα· συντέμνουσι γὰρ",Χορός,Χορος,Xoros
1104,θεῶν ποδώκεις τοὺς κακόφρονας βλάβαι.,Χορός,Χορος,Xoros
1105,"οἴμοι· μόλις μέν, καρδίας δʼ ἐξίσταμαι",Κρέων,Κρεων,Krewn
1106,τὸ δρᾶν· ἀνάγκῃ δʼ οὐχὶ δυσμαχητέον.,Κρέων,Κρεων,Krewn
1107,δρᾶ νυν τάδʼ ἐλθὼν μηδʼ ἐπʼ ἄλλοισιν τρέπε.,Χορός,Χορος,Xoros
1108,"ὧδʼ ὡς ἔχω στείχοιμʼ ἄν· ἴτʼ ἴτʼ ὀπάονες,",Κρέων,Κρεων,Krewn
1109,"οἵ τʼ ὄντες οἵ τʼ ἀπόντες, ἀξίνας χεροῖν",Κρέων,Κρεων,Krewn
1110,ὁρμᾶσθʼ ἑλόντες εἰς ἐπόψιον τόπον.,Κρέων,Κρεων,Krewn
1111,"ἐγὼ δʼ, ἐπειδὴ δόξα τῇδʼ ἐπεστράφη,",Κρέων,Κρεων,Krewn
1112,αὐτός τʼ ἔδησα καὶ παρὼν ἐκλύσομαι.,Κρέων,Κρεων,Krewn
1113,δέδοικα γὰρ μὴ τοὺς καθεστῶτας νόμους,Κρέων,Κρεων,Krewn
1114,ἄριστον ᾖ σῴζοντα τὸν βίον τελεῖν.,Κρέων,Κρεων,Krewn
1115,"πολυώνυμε, Καδμείας νύμφας ἄγαλμα",Χορός,Χορος,Xoros
1116,καὶ Διὸς βαρυβρεμέτα,Χορός,Χορος,Xoros
1117,"γένος, κλυτὰν ὃς ἀμφέπεις",Χορός,Χορος,Xoros
1118,"Ἰταλίαν, μέδεις δὲ",Χορός,Χορος,Xoros
1119,"παγκοίνοις, Ἐλευσινίας",Χορός,Χορος,Xoros
1120,"Δῃοῦς ἐν κόλποις, Βακχεῦ Βακχᾶν",Χορός,Χορος,Xoros
1121,ὁ ματρόπολιν Θήβαν,Χορός,Χορος,Xoros
1122,ναιετῶν παρʼ ὑγρῶν,Χορός,Χορος,Xoros
1125,Ἰσμηνοῦ ῥείθρων ἀγρίου τʼ ἐπὶ σπορᾷ δράκοντος.,Χορός,Χορος,Xoros
1126,σὲ δʼ ὑπὲρ διλόφου πέτρας στέροψ ὄπωπε,Χορός,Χορος,Xoros
1127,"λιγνύς, ἔνθα Κωρύκιαι",Χορός,Χορος,Xoros
1128,"στείχουσι νύμφαι Βακχίδες,",Χορός,Χορος,Xoros
1130,Κασταλίας τε νᾶμα.,Χορός,Χορος,Xoros
1131,καί σε Νυσαίων ὀρέων,Χορός,Χορος,Xoros
1132,κισσήρεις ὄχθαι χλωρά τʼ ἀκτὰ,Χορός,Χορος,Xoros
1133,"πολυστάφυλος πέμπει,",Χορός,Χορος,Xoros
1134,ἀμβρότων ἐπέων,Χορός,Χορος,Xoros
1135,εὐαζόντων Θηβαΐας ἐπισκοποῦντʼ ἀγυιάς·,Χορός,Χορος,Xoros
1137,τὰν ἐκ πᾶσαι τιμᾷς ὑπερτάταν πόλεων,Χορός,Χορος,Xoros
1138,ματρὶ σὺν κεραυνίᾳ·,Χορός,Χορος,Xoros
1140,"καὶ νῦν, ὡς βιαίας ἔχεται",Χορός,Χορος,Xoros
1141,"πάνδαμος πόλις ἐπὶ νόσου,",Χορός,Χορος,Xoros
1142,μολεῖν καθαρσίῳ ποδὶ Παρνασίαν ὑπὲρ κλιτὺν,Χορός,Χορος,Xoros
1145,ἢ στονόεντα πορθμόν.,Χορός,Χορος,Xoros
1146,"ἰὼ πῦρ πνειόντων χοράγʼ ἄστρων, νυχίων",Χορός,Χορος,Xoros
1147,"φθεγμάτων ἐπίσκοπε,",Χορός,Χορος,Xoros
1148,"παῖ Διὸς γένεθλον, προφάνηθʼ,",Χορός,Χορος,Xoros
1150,"ὦναξ, σαῖς ἅμα περιπόλοις",Χορός,Χορος,Xoros
1151,"Θυίαισιν, αἵ σε μαινόμεναι πάννυχοι χορεύουσι",Χορός,Χορος,Xoros
1152,τὸν ταμίαν Ἴακχον.,Χορός,Χορος,Xoros
1155,"Κάδμου πάροικοι καὶ δόμων Ἀμφίονος,",Ἄγγελος,Αγγελος,Aggelos
1156,οὐκ ἔσθʼ ὁποῖον στάντʼ ἂν ἀνθρώπου βίον,Ἄγγελος,Αγγελος,Aggelos
1157,οὔτʼ αἰνέσαιμʼ ἂν οὔτε μεμψαίμην ποτέ.,Ἄγγελος,Αγγελος,Aggelos
1158,τύχη γὰρ ὀρθοῖ καὶ τύχη καταρρέπει,Ἄγγελος,Αγγελος,Aggelos
1159,τὸν εὐτυχοῦντα τόν τε δυστυχοῦντʼ ἀεί·,Ἄγγελος,Αγγελος,Aggelos
1160,καὶ μάντις οὐδεὶς τῶν καθεστώτων βροτοῖς.,Ἄγγελος,Αγγελος,Aggelos
1161,"Κρέων γὰρ ἦν ζηλωτός, ὡς ἐμοί, ποτέ,",Ἄγγελος,Αγγελος,Aggelos
1162,σώσας μὲν ἐχθρῶν τήνδε Καδμείαν χθόνα,Ἄγγελος,Αγγελος,Aggelos
1163,λαβών τε χώρας παντελῆ μοναρχίαν,Ἄγγελος,Αγγελος,Aggelos
1164,"ηὔθυνε, θάλλων εὐγενεῖ τέκνων σπορᾷ·",Ἄγγελος,Αγγελος,Aggelos
1165,καὶ νῦν ἀφεῖται πάντα. τὰς γὰρ ἡδονὰς,Ἄγγελος,Αγγελος,Aggelos
1166,"ὅταν προδῶσιν ἄνδρες, οὐ τίθημʼ ἐγὼ",Ἄγγελος,Αγγελος,Aggelos
1167,"ζῆν τοῦτον, ἀλλʼ ἔμψυχον ἡγοῦμαι νεκρόν.",Ἄγγελος,Αγγελος,Aggelos
1168,"πλούτει τε γὰρ κατʼ οἶκον, εἰ βούλει, μέγα",Ἄγγελος,Αγγελος,Aggelos
1169,καὶ ζῆ τύραννον σχῆμʼ ἔχων· ἐὰν δʼ ἀπῇ,Ἄγγελος,Αγγελος,Aggelos
1170,"τούτων τὸ χαίρειν, τἄλλʼ ἐγὼ καπνοῦ σκιᾶς",Ἄγγελος,Αγγελος,Aggelos
1171,οὐκ ἂν πριαίμην ἀνδρὶ πρὸς τὴν ἡδονήν.,Ἄγγελος,Αγγελος,Aggelos
1172,τί δʼ αὖ τόδʼ ἄχθος βασιλέων ἥκεις φέρων;,Χορός,Χορος,Xoros
1173,τεθνᾶσιν. οἱ δὲ ζῶντες αἴτιοι θανεῖν.,Ἄγγελος,Αγγελος,Aggelos
1174,καὶ τίς φονεύει; τίς δʼ ὁ κείμενος; λέγε.,Χορός,Χορος,Xoros
1175,Αἵμων ὄλωλεν· αὐτόχειρ δʼ αἱμάσσεται.,Ἄγγελος,Αγγελος,Aggelos
1176,πότερα πατρῴας ἢ πρὸς οἰκείας χερός;,Χορός,Χορος,Xoros
1177,"αὐτὸς πρὸς αὑτοῦ, πατρὶ μηνίσας φόνου.",Ἄγγελος,Αγγελος,Aggelos
1178,"ὦ μάντι, τοὔπος ὡς ἄρʼ ὀρθὸν ἤνυσας.",Χορός,Χορος,Xoros
1179,ὡς ὧδʼ ἐχόντων τἄλλα βουλεύειν πάρα.,Ἄγγελος,Αγγελος,Aggelos
1180,καὶ μὴν ὁρῶ τάλαιναν Εὐρυδίκην ὁμοῦ,Χορός,Χορος,Xoros
1181,δάμαρτα τὴν Κρέοντος. ἐκ δὲ δωμάτων,Χορός,Χορος,Xoros
1182,ἤτοι κλύουσα παιδὸς ἢ τύχῃ πάρα.,Χορός,Χορος,Xoros
1183,"ὦ πάντες ἀστοί, τῶν λόγων ἐπῃσθόμην",Εὐρυδίκη,Ευρυδικη,Eurudikh
1184,"πρὸς ἔξοδον στείχουσα, Παλλάδος θεᾶς",Εὐρυδίκη,Ευρυδικη,Eurudikh
1185,ὅπως ἱκοίμην εὐγμάτων προσήγορος.,Εὐρυδίκη,Ευρυδικη,Eurudikh
1186,καὶ τυγχάνω τε κλῇθρʼ ἀνασπαστοῦ πύλης,Εὐρυδίκη,Ευρυδικη,Eurudikh
1187,"χαλῶσα, καί με φθόγγος οἰκείου κακοῦ",Εὐρυδίκη,Ευρυδικη,Eurudikh
1188,βάλλει διʼ ὤτων· ὑπτία δὲ κλίνομαι,Εὐρυδίκη,Ευρυδικη,Eurudikh
1189,δείσασα πρὸς δμωαῖσι κἀποπλήσσομαι.,Εὐρυδίκη,Ευρυδικη,Eurudikh
1190,ἀλλʼ ὅστις ἦν ὁ μῦθος αὖθις εἴπατε·,Εὐρυδίκη,Ευρυδικη,Eurudikh
1191,κακῶν γὰρ οὐκ ἄπειρος οὖσʼ ἀκούσομαι.,Εὐρυδίκη,Ευρυδικη,Eurudikh
1192,"ἐγώ, φίλη δέσποινα, καὶ παρὼν ἐρῶ",Ἄγγελος,Αγγελος,Aggelos
1193,κοὐδὲν παρήσω τῆς ἀληθείας ἔπος.,Ἄγγελος,Αγγελος,Aggelos
1194,τί γάρ σε μαλθάσσοιμʼ ἂν ὧν ἐς ὕστερον,Ἄγγελος,Αγγελος,Aggelos
1195,ψεῦσται φανούμεθʼ; ὀρθὸν ἁλήθειʼ ἀεί.,Ἄγγελος,Αγγελος,Aggelos
1196,ἐγὼ δὲ σῷ ποδαγὸς ἑσπόμην πόσει,Ἄγγελος,Αγγελος,Aggelos
1197,"πεδίον ἐπʼ ἄκρον, ἔνθʼ ἔκειτο νηλεὲς",Ἄγγελος,Αγγελος,Aggelos
1198,κυνοσπάρακτον σῶμα Πολυνείκους ἔτι·,Ἄγγελος,Αγγελος,Aggelos
1199,"καὶ τὸν μέν, αἰτήσαντες ἐνοδίαν θεὸν",Ἄγγελος,Αγγελος,Aggelos
1200,Πλούτωνά τʼ ὀργὰς εὐμενεῖς κατασχεθεῖν,Ἄγγελος,Αγγελος,Aggelos
1201,"λούσαντες ἁγνὸν λουτρόν, ἐν νεοσπάσιν",Ἄγγελος,Αγγελος,Aggelos
1202,"θαλλοῖς ὃ δὴ 'λέλειπτο συγκατῄθομεν,",Ἄγγελος,Αγγελος,Aggelos
1203,καὶ τύμβον ὀρθόκρανον οἰκείας χθονὸς,Ἄγγελος,Αγγελος,Aggelos
1204,χώσαντες αὖθις πρὸς λιθόστρωτον κόρης,Ἄγγελος,Αγγελος,Aggelos
1205,νυμφεῖον Ἅιδου κοῖλον εἰσεβαίνομεν.,Ἄγγελος,Αγγελος,Aggelos
1206,φωνῆς δʼ ἄπωθεν ὀρθίων κωκυμάτων,Ἄγγελος,Αγγελος,Aggelos
1207,"κλύει τις ἀκτέριστον ἀμφὶ παστάδα,",Ἄγγελος,Αγγελος,Aggelos
1208,καὶ δεσπότῃ Κρέοντι σημαίνει μολών.,Ἄγγελος,Αγγελος,Aggelos
1209,τῷ δʼ ἀθλίας ἄσημα περιβαίνει βοῆς,Ἄγγελος,Αγγελος,Aggelos
1210,"ἕρποντι μᾶλλον ἆσσον, οἰμώξας δʼ ἔπος",Ἄγγελος,Αγγελος,Aggelos
1211,"ἵησι δυσθρήνητον· ὦ τάλας ἐγώ,",Ἄγγελος,Αγγελος,Aggelos
1212,ἆρʼ εἰμὶ μάντις; ἆρα δυστυχεστάτην,Ἄγγελος,Αγγελος,Aggelos
1213,κέλευθον ἕρπω τῶν παρελθουσῶν ὁδῶν;,Ἄγγελος,Αγγελος,Aggelos
1214,"παιδός με σαίνει φθόγγος. ἀλλὰ πρόσπολοι,",Ἄγγελος,Αγγελος,Aggelos
1215,ἴτʼ ἆσσον ὠκεῖς καὶ παραστάντες τάφῳ,Ἄγγελος,Αγγελος,Aggelos
1216,"ἀθρήσαθʼ, ἁρμὸν χώματος λιθοσπαδῆ",Ἄγγελος,Αγγελος,Aggelos
1217,"δύντες πρὸς αὐτὸ στόμιον, εἰ τὸν Αἵμονος",Ἄγγελος,Αγγελος,Aggelos
1218,φθόγγον συνίημʼ ἢ θεοῖσι κλέπτομαι.,Ἄγγελος,Αγγελος,Aggelos
1219,τάδʼ ἐξ ἀθύμου δεσπότου κελευσμάτων,Ἄγγελος,Αγγελος,Aggelos
1220,ἠθροῦμεν· ἐν δὲ λοισθίῳ τυμβεύματι,Ἄγγελος,Αγγελος,Aggelos
1221,"τὴν μὲν κρεμαστὴν αὐχένος κατείδομεν,",Ἄγγελος,Αγγελος,Aggelos
1222,"βρόχῳ μιτώδει σινδόνος καθημμένην,",Ἄγγελος,Αγγελος,Aggelos
1223,"τὸν δʼ ἀμφὶ μέσσῃ περιπετῆ προσκείμενον,",Ἄγγελος,Αγγελος,Aggelos
1224,εὐνῆς ἀποιμώζοντα τῆς κάτω φθορὰν,Ἄγγελος,Αγγελος,Aggelos
1225,καὶ πατρὸς ἔργα καὶ τὸ δύστηνον λέχος.,Ἄγγελος,Αγγελος,Aggelos
1226,"ὁ δʼ ὡς ὁρᾷ σφε, στυγνὸν οἰμώξας ἔσω",Ἄγγελος,Αγγελος,Aggelos
1227,χωρεῖ πρὸς αὐτὸν κἀνακωκύσας καλεῖ·,Ἄγγελος,Αγγελος,Aggelos
1228,"ὦ τλῆμον, οἷον ἔργον εἴργασαι· τίνα",Ἄγγελος,Αγγελος,Aggelos
1229,νοῦν ἔσχες; ἐν τῷ συμφορᾶς διεφθάρης;,Ἄγγελος,Αγγελος,Aggelos
1230,"ἔξελθε, τέκνον, ἱκέσιός σε λίσσομαι.",Ἄγγελος,Αγγελος,Aggelos
1231,"τὸν δʼ ἀγρίοις ὄσσοισι παπτήνας ὁ παῖς,",Ἄγγελος,Αγγελος,Aggelos
1232,"πτύσας προσώπῳ κοὐδὲν ἀντειπών, ξίφους",Ἄγγελος,Αγγελος,Aggelos
1233,ἕλκει διπλοῦς κνώδοντας. ἐκ δʼ ὁρμωμένου,Ἄγγελος,Αγγελος,Aggelos
1234,πατρὸς φυγαῖσιν ἤμπλακʼ· εἶθʼ ὁ δύσμορος,Ἄγγελος,Αγγελος,Aggelos
1235,"αὑτῷ χολωθείς, ὥσπερ εἶχʼ, ἐπενταθεὶς",Ἄγγελος,Αγγελος,Aggelos
1236,"ἤρεισε πλευραῖς μέσσον ἔγχος, ἐς δʼ ὑγρὸν",Ἄγγελος,Αγγελος,Aggelos
1237,ἀγκῶνʼ ἔτʼ ἔμφρων παρθένῳ προσπτύσσεται.,Ἄγγελος,Αγγελος,Aggelos
1238,καὶ φυσιῶν ὀξεῖαν ἐκβάλλει ῥοὴν,Ἄγγελος,Αγγελος,Aggelos
1239,λευκῇ παρειᾷ φοινίου σταλάγματος.,Ἄγγελος,Αγγελος,Aggelos
1240,"κεῖται δὲ νεκρὸς περὶ νεκρῷ, τὰ νυμφικὰ",Ἄγγελος,Αγγελος,Aggelos
1241,"τέλη λαχὼν δείλαιος εἰν Ἅιδου δόμοις,",Ἄγγελος,Αγγελος,Aggelos
1242,δείξας ἐν ἀνθρώποισι τὴν ἀβουλίαν,Ἄγγελος,Αγγελος,Aggelos
1243,ὅσῳ μέγιστον ἀνδρὶ πρόσκειται κακόν.,Ἄγγελος,Αγγελος,Aggelos
1244,τί τοῦτʼ ἂν εἰκάσειας; ἡ γυνὴ πάλιν,Χορός,Χορος,Xoros
1245,"φρούδη, πρὶν εἰπεῖν ἐσθλὸν ἢ κακὸν λόγον.",Χορός,Χορος,Xoros
1246,καὐτὸς τεθάμβηκʼ· ἐλπίσιν δὲ βόσκομαι,Ἄγγελος,Αγγελος,Aggelos
1247,ἄχη τέκνου κλύουσαν ἐς πόλιν γόους,Ἄγγελος,Αγγελος,Aggelos
1248,"οὐκ ἀξιώσειν, ἀλλʼ ὑπὸ στέγης ἔσω",Ἄγγελος,Αγγελος,Aggelos
1249,δμωαῖς προθήσειν πένθος οἰκεῖον στένειν.,Ἄγγελος,Αγγελος,Aggelos
1250,"γνώμης γὰρ οὐκ ἄπειρος, ὥσθʼ ἁμαρτάνειν.",Ἄγγελος,Αγγελος,Aggelos
1251,οὐκ οἶδʼ· ἐμοὶ δʼ οὖν ἥ τʼ ἄγαν σιγὴ βαρὺ,Χορός,Χορος,Xoros
1252,δοκεῖ προσεῖναι χἠ μάτην πολλὴ βοή.,Χορός,Χορος,Xoros
1253,"ἀλλʼ εἰσόμεσθα, μή τι καὶ κατάσχετον",Ἄγγελος,Αγγελος,Aggelos
1254,"κρυφῇ καλύπτει καρδίᾳ θυμουμένῃ,",Ἄγγελος,Αγγελος,Aggelos
1255,δόμους παραστείχοντες· εὖ γὰρ οὖν λέγεις.,Ἄγγελος,Αγγελος,Aggelos
1256,καὶ τῆς ἄγαν γάρ ἐστί που σιγῆς βάρος.,Ἄγγελος,Αγγελος,Aggelos
1257,καὶ μὴν ὅδʼ ἄναξ αὐτὸς ἐφήκει,Χορός,Χορος,Xoros
1258,"μνῆμʼ ἐπίσημον διὰ χειρὸς ἔχων,",Χορός,Χορος,Xoros
1259,"εἰ θέμις εἰπεῖν, οὐκ ἀλλοτρίαν",Χορός,Χορος,Xoros
1260,"ἄτην, ἀλλʼ αὐτὸς ἁμαρτών.",Χορός,Χορος,Xoros
1261,ἰὼ,Κρέων,Κρεων,Krewn
1261a,φρενῶν δυσφρόνων ἁμαρτήματα,Κρέων,Κρεων,Krewn
1262,"στερεὰ θανατόεντʼ,",Κρέων,Κρεων,Krewn
1263,ὦ κτανόντας τε καὶ,Κρέων,Κρεων,Krewn
1264,θανόντας βλέποντες ἐμφυλίους.,Κρέων,Κρεων,Krewn
1265,ὤμοι ἐμῶν ἄνολβα βουλευμάτων.,Κρέων,Κρεων,Krewn
1266,"ἰὼ παῖ, νέος νέῳ ξὺν μόρῳ",Κρέων,Κρεων,Krewn
1267,"αἰαῖ αἰαῖ,",Κρέων,Κρεων,Krewn
1268,"ἔθανες, ἀπελύθης",Κρέων,Κρεων,Krewn
1269,ἐμαῖς οὐδὲ σαῖσι δυσβουλίαις.,Κρέων,Κρεων,Krewn
1270,οἴμʼ ὡς ἔοικας ὀψὲ τὴν δίκην ἰδεῖν.,Χορός,Χορος,Xoros
1271,"οἴμοι,",Κρέων,Κρεων,Krewn
1272,ἔχω μαθὼν δείλαιος· ἐν δʼ ἐμῷ κάρᾳ,Κρέων,Κρεων,Krewn
1273,θεὸς τότʼ ἄρα τότε μέγα βάρος μʼ ἔχων,Κρέων,Κρεων,Krewn
1274,"ἔπαισεν, ἐν δʼ ἔσεισεν ἀγρίαις ὁδοῖς,",Κρέων,Κρεων,Krewn
1275,"οἴμοι, λακπάτητον ἀντρέπων χαράν.",Κρέων,Κρεων,Krewn
1276,"φεῦ φεῦ, ὦ πόνοι βροτῶν δύσπονοι.",Κρέων,Κρεων,Krewn
1278,"ὦ δέσποθʼ, ὡς ἔχων τε καὶ κεκτημένος,",Ἐξάγγελος,Εξαγγελος,Ecaggelos
1279,"τὰ μὲν πρὸ χειρῶν τάδε φέρων, τὰ δʼ ἐν δόμοις",Ἐξάγγελος,Εξαγγελος,Ecaggelos
1280,ἔοικας ἥκειν καὶ τάχʼ ὄψεσθαι κακά.,Ἐξάγγελος,Εξαγγελος,Ecaggelos
1281,τί δʼ ἔστιν αὖ κάκιον ἐκ κακῶν ἔτι;,Κρέων,Κρεων,Krewn
1282,"γυνὴ τέθνηκε, τοῦδε παμμήτωρ νεκροῦ,",Ἐξάγγελος,Εξαγγελος,Ecaggelos
1283,"δύστηνος, ἄρτι νεοτόμοισι πλήγμασιν.",Ἐξάγγελος,Εξαγγελος,Ecaggelos
1284,ἰώ.,Κρέων,Κρεων,Krewn
1284a,"ἰὼ δυσκάθαρτος Ἅιδου λιμήν,",Κρέων,Κρεων,Krewn
1285,τί μʼ ἄρα τί μʼ ὀλέκεις;,Κρέων,Κρεων,Krewn
1286,ὦ κακάγγελτά μοι,Κρέων,Κρεων,Krewn
1287,"προπέμψας ἄχη, τίνα θροεῖς λόγον;",Κρέων,Κρεων,Krewn
1288,"αἰαῖ, ὀλωλότʼ ἄνδρʼ ἐπεξειργάσω.",Κρέων,Κρεων,Krewn
1289,"τί φής, παῖ; τίνʼ αὖ λέγεις μοι νέον,",Κρέων,Κρεων,Krewn
1290,"αἰαῖ αἰαῖ,",Κρέων,Κρεων,Krewn
1291,σφάγιον ἐπʼ ὀλέθρῳ,Κρέων,Κρεων,Krewn
1292,γυναικεῖον ἀμφικεῖσθαι μόρον;,Κρέων,Κρεων,Krewn
1293,ὁρᾶν πάρεστιν· οὐ γὰρ ἐν μυχοῖς ἔτι.,Χορός,Χορος,Xoros
1294,"οἴμοι,",Κρέων,Κρεων,Krewn
1295,κακὸν τόδʼ ἄλλο δεύτερον βλέπω τάλας.,Κρέων,Κρεων,Krewn
1296,"τίς ἄρα, τίς με πότμος ἔτι περιμένει;",Κρέων,Κρεων,Krewn
1297,"ἔχω μὲν ἐν χείρεσσιν ἀρτίως τέκνον,",Κρέων,Κρεων,Krewn
1298,"τάλας, τὸν δʼ ἔναντα προσβλέπω νεκρόν.",Κρέων,Κρεων,Krewn
1300,"φεῦ φεῦ μᾶτερ ἀθλία, φεῦ τέκνον.",Κρέων,Κρεων,Krewn
1301,ἡ δʼ ὀξυθήκτῳ βωμία περὶ ξίφει,Ἐξάγγελος,Εξαγγελος,Ecaggelos
1302,"λύει κελαινὰ βλέφαρα, κωκύσασα μὲν",Ἐξάγγελος,Εξαγγελος,Ecaggelos
1303,"τοῦ πρὶν θανόντος Μεγαρέως κλεινὸν λάχος,",Ἐξάγγελος,Εξαγγελος,Ecaggelos
1304,"αὖθις δὲ τοῦδε, λοίσθιον δὲ σοὶ κακὰς",Ἐξάγγελος,Εξαγγελος,Ecaggelos
1305,πράξεις ἐφυμνήσασα τῷ παιδοκτόνῳ.,Ἐξάγγελος,Εξαγγελος,Ecaggelos
1306,"αἰαῖ αἰαῖ,",Κρέων,Κρεων,Krewn
1307,ἀνέπταν φόβῳ. τί μʼ οὐκ ἀνταίαν,Κρέων,Κρεων,Krewn
1308,ἔπαισέν τις ἀμφιθήκτῳ ξίφει;,Κρέων,Κρεων,Krewn
1310,"δείλαιος ἐγώ, αἰαῖ,",Κρέων,Κρεων,Krewn
1311,δειλαίᾳ δὲ συγκέκραμαι δύᾳ.,Κρέων,Κρεων,Krewn
1312,ὡς αἰτίαν γε τῶνδε κἀκείνων ἔχων,Ἐξάγγελος,Εξαγγελος,Ecaggelos
1313,πρὸς τῆς θανούσης τῆσδʼ ἐπεσκήπτου μόρων.,Ἐξάγγελος,Εξαγγελος,Ecaggelos
1314,ποίῳ δὲ κἀπελύσατʼ ἐν φοναῖς τρόπῳ;,Κρέων,Κρεων,Krewn
1315,"παίσασ' ὑφʼ ἧπαρ αὐτόχειρ αὑτήν, ὅπως",Ἐξάγγελος,Εξαγγελος,Ecaggelos
1316,παιδὸς τόδʼ ᾔσθετʼ ὀξυκώκυτον πάθος.,Ἐξάγγελος,Εξαγγελος,Ecaggelos
1317,"ὤμοι μοι, τάδʼ οὐκ ἐπʼ ἄλλον βροτῶν",Κρέων,Κρεων,Krewn
1318,ἐμᾶς ἁρμόσει ποτʼ ἐξ αἰτίας.,Κρέων,Κρεων,Krewn
1319,"ἐγὼ γάρ σʼ ἐγὼ ἔκανον, ὢ μέλεος,",Κρέων,Κρεων,Krewn
1320,"ἐγώ, φάμʼ ἔτυμον. ἰὼ πρόσπολοι,",Κρέων,Κρεων,Krewn
1321,"ἄγετέ μʼ ὅ τι τάχιστʼ, ἄγετέ μʼ ἐκποδών,",Κρέων,Κρεων,Krewn
1325,τὸν οὐκ ὄντα μᾶλλον ἢ μηδένα.,Κρέων,Κρεων,Krewn
1326,"κέρδη παραινεῖς, εἴ τι κέρδος ἐν κακοῖς.",Χορός,Χορος,Xoros
1327,βράχιστα γὰρ κράτιστα τἀν ποσὶν κακά.,Χορός,Χορος,Xoros
1328,"ἴτω ἴτω,",Κρέων,Κρεων,Krewn
1329,φανήτω μόρων ὁ κάλλιστʼ ἔχων,Κρέων,Κρεων,Krewn
1330,ἐμοὶ τερμίαν ἄγων ἁμέραν,Κρέων,Κρεων,Krewn
1331,"ὕπατος· ἴτω ἴτω,",Κρέων,Κρεων,Krewn
1332,ὅπως μηκέτʼ ἆμαρ ἄλλʼ εἰσίδω.,Κρέων,Κρεων,Krewn
1334,μέλλοντα ταῦτα. τῶν προκειμένων τι χρὴ,Χορός,Χορος,Xoros
1335,πράσσειν. μέλει γὰρ τῶνδʼ ὅτοισι χρὴ μέλειν.,Χορός,Χορος,Xoros
1336,"ἀλλʼ ὧν ἐρῶ, τοιαῦτα συγκατηυξάμην.",Κρέων,Κρεων,Krewn
1337,μή νυν προσεύχου μηδέν· ὡς πεπρωμένης,Χορός,Χορος,Xoros
1338,οὐκ ἔστι θνητοῖς συμφορᾶς ἀπαλλαγή.,Χορός,Χορος,Xoros
1339,"ἄγοιτʼ ἂν μάταιον ἄνδρʼ ἐκποδών,",Κρέων,Κρεων,Krewn
1340,"ὅς, ὦ παῖ, σέ τʼ οὐχ ἑκὼν κάκτανον",Κρέων,Κρεων,Krewn
1341,"σέ τʼ αὖ τάνδʼ, ὤμοι μέλεος, οὐδʼ ἔχω",Κρέων,Κρεων,Krewn
1342,ὅπᾳ πρὸς πότερα κλιθῶ· πάντα γὰρ,Κρέων,Κρεων,Krewn
1345,"λέχρια τἀν χεροῖν, τὰ δʼ ἐπὶ κρατί μοι",Κρέων,Κρεων,Krewn
1346,πότμος δυσκόμιστος εἰσήλατο.,Κρέων,Κρεων,Krewn
1347,πολλῷ τὸ φρονεῖν εὐδαιμονίας,Χορός,Χορος,Xoros
1348,πρῶτον ὑπάρχει. χρὴ δὲ τά γʼ εἰς θεοὺς,Χορός,Χορος,Xoros
1350,μηδὲν ἀσεπτεῖν. μεγάλοι δὲ λόγοι,Χορός,Χορος,Xoros
1351,μεγάλας πληγὰς τῶν ὑπεραύχων,Χορός,Χορος,Xoros
1352,ἀποτίσαντες,Χορός,Χορος,Xoros
1353,γήρᾳ τὸ φρονεῖν ἐδίδαξαν.,Χορός,Χορος,Xoros
